{
  "type": "FeatureCollection",
  "features": [
    {
      "type": "Feature",
      "id": "way/25056636",
      "properties": {
        "highway": "living_street",
        "smoothness": "good",
        "lit": "yes",
        "class:bicycle": "1",
        "surface": "asphalt",
        "id": "way/25056636",
        "nodeIds": [
          "6862495286",
          "6862495285",
          "1841136603",
          "272605390",
          "6844110156"
        ],
        "blockedNodeIds": [],
        "source": "OpenStreetMap",
        "confidence": "verified"
      },
      "geometry": {
        "type": "LineString",
        "coordinates": [
          [
            10.4030583,
            53.2301858
          ],
          [
            10.4030641,
            53.2301172
          ],
          [
            10.4030912,
            53.2297976
          ],
          [
            10.4030968,
            53.2297309
          ],
          [
            10.4031047,
            53.229638
          ]
        ]
      }
    },
    {
      "type": "Feature",
      "id": "way/25056654",
      "properties": {
        "highway": "service",
        "living_street": "yes",
        "surface": "asphalt",
        "id": "way/25056654",
        "nodeIds": [
          "272605390",
          "6862449075",
          "6862449077",
          "6862449079",
          "6862449081",
          "6862449083",
          "7811144897",
          "6844035337",
          "274227868"
        ],
        "blockedNodeIds": [],
        "source": "OpenStreetMap",
        "confidence": "verified"
      },
      "geometry": {
        "type": "LineString",
        "coordinates": [
          [
            10.4030968,
            53.2297309
          ],
          [
            10.4034635,
            53.2297646
          ],
          [
            10.4037043,
            53.2297719
          ],
          [
            10.4039516,
            53.2297798
          ],
          [
            10.4041903,
            53.2297875
          ],
          [
            10.4044358,
            53.2297954
          ],
          [
            10.4045905,
            53.2297922
          ],
          [
            10.4047088,
            53.2297562
          ],
          [
            10.4047618,
            53.2297163
          ]
        ]
      }
    },
    {
      "type": "Feature",
      "id": "way/25056694",
      "properties": {
        "lit": "yes",
        "name": "Düvelsbrooker Weg",
        "lanes": "2",
        "maxspeed": "50",
        "cycleway:both": "no",
        "highway": "residential",
        "surface": "asphalt",
        "source:maxspeed": "DE:urban",
        "id": "way/25056694",
        "nodeIds": [
          "2239449362",
          "272606124",
          "9735398739"
        ],
        "blockedNodeIds": [],
        "source": "OpenStreetMap",
        "confidence": "verified"
      },
      "geometry": {
        "type": "LineString",
        "coordinates": [
          [
            10.4057555,
            53.2279151
          ],
          [
            10.4059387,
            53.227915
          ],
          [
            10.4063116,
            53.2278417
          ]
        ]
      }
    },
    {
      "type": "Feature",
      "id": "way/25146614",
      "properties": {
        "traffic_sign": "DE:250,DE:1020-12",
        "lit": "yes",
        "width:lanes": "3.4",
        "name": "Gneisenaustraße",
        "zone:maxspeed": "DE:30",
        "maxspeed": "30",
        "bicycle": "yes",
        "width": "5.20",
        "highway": "residential",
        "surface": "sett",
        "vehicle": "destination",
        "class:bicycle": "2",
        "id": "way/25146614",
        "nodeIds": [
          "274058480",
          "11554630682",
          "11554630683",
          "395336849"
        ],
        "blockedNodeIds": [],
        "source": "OpenStreetMap",
        "confidence": "verified"
      },
      "geometry": {
        "type": "LineString",
        "coordinates": [
          [
            10.4020104,
            53.2301484
          ],
          [
            10.4020065,
            53.2301901
          ],
          [
            10.4019908,
            53.2303565
          ],
          [
            10.4019888,
            53.2303778
          ]
        ]
      }
    },
    {
      "type": "Feature",
      "id": "way/25150561",
      "properties": {
        "highway": "path",
        "smoothness": "excellent",
        "lit": "yes",
        "incline": "up",
        "surface": "paving_stones",
        "id": "way/25150561",
        "nodeIds": [
          "274097005",
          "10719377350",
          "274097006"
        ],
        "blockedNodeIds": [],
        "source": "OpenStreetMap",
        "confidence": "verified"
      },
      "geometry": {
        "type": "LineString",
        "coordinates": [
          [
            10.4039177,
            53.2286509
          ],
          [
            10.4032316,
            53.2286488
          ],
          [
            10.4031886,
            53.2286475
          ]
        ]
      }
    },
    {
      "type": "Feature",
      "id": "way/25155751",
      "properties": {
        "noname": "yes",
        "surface": "asphalt",
        "traffic_sign": "DE:325",
        "highway": "living_street",
        "id": "way/25155751",
        "nodeIds": [
          "274227868",
          "5260908461"
        ],
        "blockedNodeIds": [],
        "source": "OpenStreetMap",
        "confidence": "verified"
      },
      "geometry": {
        "type": "LineString",
        "coordinates": [
          [
            10.4047618,
            53.2297163
          ],
          [
            10.4047373,
            53.2299796
          ]
        ]
      }
    },
    {
      "type": "Feature",
      "id": "way/25155757",
      "properties": {
        "traffic_sign": "DE:325",
        "smoothness": "good",
        "lit": "yes",
        "class:bicycle": "1",
        "surface": "asphalt",
        "highway": "living_street",
        "noname": "yes",
        "id": "way/25155757",
        "nodeIds": [
          "274227868",
          "6490275140",
          "274098134",
          "6490275137",
          "5894424216",
          "5249246399",
          "7810713203"
        ],
        "blockedNodeIds": [],
        "source": "OpenStreetMap",
        "confidence": "verified"
      },
      "geometry": {
        "type": "LineString",
        "coordinates": [
          [
            10.4047618,
            53.2297163
          ],
          [
            10.4047903,
            53.2294936
          ],
          [
            10.4047959,
            53.2294589
          ],
          [
            10.4048001,
            53.2294352
          ],
          [
            10.4048162,
            53.2293888
          ],
          [
            10.4048339,
            53.2291569
          ],
          [
            10.4048636,
            53.2287899
          ]
        ]
      }
    },
    {
      "type": "Feature",
      "id": "way/25155763",
      "properties": {
        "highway": "footway",
        "surface": "paving_stones",
        "id": "way/25155763",
        "nodeIds": [
          "555939025",
          "274228100",
          "417279701",
          "274228101"
        ],
        "blockedNodeIds": [],
        "source": "OpenStreetMap",
        "confidence": "verified"
      },
      "geometry": {
        "type": "LineString",
        "coordinates": [
          [
            10.4026849,
            53.2297932
          ],
          [
            10.4024549,
            53.2297861
          ],
          [
            10.4024616,
            53.2296863
          ],
          [
            10.4024957,
            53.2293735
          ]
        ]
      }
    },
    {
      "type": "Feature",
      "id": "way/25324683",
      "properties": {
        "traffic_sign": "DE:325",
        "smoothness": "good",
        "lit": "yes",
        "name": "Nelly-Sachs-Straße",
        "class:bicycle": "2",
        "width": "5",
        "highway": "living_street",
        "surface": "paving_stones",
        "id": "way/25324683",
        "nodeIds": [
          "521090855",
          "275907679",
          "275907683",
          "1583774835",
          "6155543988",
          "3497285193",
          "275907761",
          "1583774870",
          "275907687"
        ],
        "blockedNodeIds": [],
        "source": "OpenStreetMap",
        "confidence": "verified"
      },
      "geometry": {
        "type": "LineString",
        "coordinates": [
          [
            10.4022566,
            53.2251751
          ],
          [
            10.4022218,
            53.2257332
          ],
          [
            10.4022437,
            53.2258356
          ],
          [
            10.4022376,
            53.2259323
          ],
          [
            10.4022124,
            53.2261988
          ],
          [
            10.4022109,
            53.2262677
          ],
          [
            10.4022402,
            53.2263484
          ],
          [
            10.4022332,
            53.2264439
          ],
          [
            10.4022254,
            53.2265483
          ]
        ]
      }
    },
    {
      "type": "Feature",
      "id": "way/25324685",
      "properties": {
        "smoothness": "intermediate",
        "lit": "yes",
        "class:bicycle": "2",
        "incline": "up",
        "width": "3",
        "highway": "path",
        "surface": "sett",
        "id": "way/25324685",
        "nodeIds": [
          "275907714",
          "275907785"
        ],
        "blockedNodeIds": [],
        "source": "OpenStreetMap",
        "confidence": "verified"
      },
      "geometry": {
        "type": "LineString",
        "coordinates": [
          [
            10.4019859,
            53.2274971
          ],
          [
            10.4019775,
            53.2276094
          ]
        ]
      }
    },
    {
      "type": "Feature",
      "id": "way/25324692",
      "properties": {
        "traffic_sign": "DE:325",
        "smoothness": "intermediate",
        "lit": "yes",
        "class:bicycle": "1",
        "surface": "concrete:plates",
        "width": "4.20",
        "highway": "living_street",
        "noname": "yes",
        "id": "way/25324692",
        "nodeIds": [
          "275907785",
          "10719377352",
          "12009180098",
          "417279249"
        ],
        "blockedNodeIds": [],
        "source": "OpenStreetMap",
        "confidence": "verified"
      },
      "geometry": {
        "type": "LineString",
        "coordinates": [
          [
            10.4019775,
            53.2276094
          ],
          [
            10.4019765,
            53.2276226
          ],
          [
            10.401967,
            53.2277494
          ],
          [
            10.4019365,
            53.2281641
          ]
        ]
      }
    },
    {
      "type": "Feature",
      "id": "way/25408955",
      "properties": {
        "traffic_sign": "DE:325",
        "smoothness": "good",
        "lit": "yes",
        "surface": "paving_stones",
        "highway": "living_street",
        "noname": "yes",
        "oneway": "no",
        "id": "way/25408955",
        "nodeIds": [
          "276915516",
          "6862495287",
          "1841136597"
        ],
        "blockedNodeIds": [],
        "source": "OpenStreetMap",
        "confidence": "verified"
      },
      "geometry": {
        "type": "LineString",
        "coordinates": [
          [
            10.3971986,
            53.2299765
          ],
          [
            10.3972238,
            53.2299117
          ],
          [
            10.3972953,
            53.2297225
          ]
        ]
      }
    },
    {
      "type": "Feature",
      "id": "way/25408957",
      "properties": {
        "smoothness": "excellent",
        "lit": "yes",
        "name": "Carl-von-Ossietzky-Straße",
        "zone:maxspeed": "DE:30",
        "maxspeed": "30",
        "highway": "residential",
        "surface": "asphalt",
        "class:bicycle": "2",
        "id": "way/25408957",
        "nodeIds": [
          "276915521",
          "13438934525",
          "5614864317",
          "3052356940",
          "3052356938",
          "277126886",
          "3052356942",
          "3052356939"
        ],
        "blockedNodeIds": [],
        "source": "OpenStreetMap",
        "confidence": "verified"
      },
      "geometry": {
        "type": "LineString",
        "coordinates": [
          [
            10.3980265,
            53.2264353
          ],
          [
            10.3982102,
            53.226463
          ],
          [
            10.3983975,
            53.2264724
          ],
          [
            10.3985614,
            53.2264785
          ],
          [
            10.3986084,
            53.2264805
          ],
          [
            10.3986889,
            53.2264832
          ],
          [
            10.3991941,
            53.2265057
          ],
          [
            10.3993589,
            53.2265128
          ]
        ]
      }
    },
    {
      "type": "Feature",
      "id": "way/25408958",
      "properties": {
        "smoothness": "good",
        "lit": "yes",
        "name": "Carl-von-Ossietzky-Straße",
        "zone:maxspeed": "DE:30",
        "maxspeed": "30",
        "highway": "residential",
        "surface": "paving_stones",
        "class:bicycle": "1",
        "id": "way/25408958",
        "nodeIds": [
          "276915523",
          "3052356945",
          "3052356948",
          "3051670362",
          "3051673972",
          "3051670370",
          "276915529"
        ],
        "blockedNodeIds": [],
        "source": "OpenStreetMap",
        "confidence": "verified"
      },
      "geometry": {
        "type": "LineString",
        "coordinates": [
          [
            10.3994731,
            53.2265752
          ],
          [
            10.3993422,
            53.2266787
          ],
          [
            10.399327,
            53.22683
          ],
          [
            10.3993155,
            53.226945
          ],
          [
            10.3992851,
            53.2272479
          ],
          [
            10.3992819,
            53.2272799
          ],
          [
            10.3992944,
            53.2273453
          ]
        ]
      }
    },
    {
      "type": "Feature",
      "id": "way/25408959",
      "properties": {
        "foot": "yes",
        "horse": "no",
        "motorcar": "no",
        "surface": "sett",
        "bicycle": "yes",
        "highway": "path",
        "snowmobile": "no",
        "ski": "no",
        "id": "way/25408959",
        "nodeIds": [
          "276915529",
          "276915524"
        ],
        "blockedNodeIds": [],
        "source": "OpenStreetMap",
        "confidence": "verified"
      },
      "geometry": {
        "type": "LineString",
        "coordinates": [
          [
            10.3992944,
            53.2273453
          ],
          [
            10.3992314,
            53.227511
          ]
        ]
      }
    },
    {
      "type": "Feature",
      "id": "way/25408960",
      "properties": {
        "highway": "living_street",
        "surface": "asphalt",
        "lit": "yes",
        "traffic_sign": "DE:325",
        "noname": "yes",
        "id": "way/25408960",
        "nodeIds": [
          "276915524",
          "277126896",
          "6844341260",
          "5249245062",
          "276915527",
          "6901154123",
          "6901154124",
          "1602186811",
          "5260924023",
          "5260924024",
          "2239449374",
          "276915530"
        ],
        "blockedNodeIds": [],
        "source": "OpenStreetMap",
        "confidence": "verified"
      },
      "geometry": {
        "type": "LineString",
        "coordinates": [
          [
            10.3992314,
            53.227511
          ],
          [
            10.3991925,
            53.2277807
          ],
          [
            10.3991838,
            53.2278546
          ],
          [
            10.3991722,
            53.2279538
          ],
          [
            10.3991471,
            53.2281967
          ],
          [
            10.3991537,
            53.2282549
          ],
          [
            10.3992502,
            53.2284435
          ],
          [
            10.3992672,
            53.2285089
          ],
          [
            10.3992439,
            53.2287021
          ],
          [
            10.3992043,
            53.2290302
          ],
          [
            10.3991903,
            53.2291521
          ],
          [
            10.3991761,
            53.2292635
          ]
        ]
      }
    },
    {
      "type": "Feature",
      "id": "way/25408961",
      "properties": {
        "smoothness": "good",
        "lit": "no",
        "surface": "fine_gravel",
        "width": "5.72",
        "highway": "path",
        "class:bicycle": "1",
        "id": "way/25408961",
        "nodeIds": [
          "1841136517",
          "12361782054",
          "10719377369",
          "10719373288"
        ],
        "blockedNodeIds": [],
        "source": "OpenStreetMap",
        "confidence": "verified"
      },
      "geometry": {
        "type": "LineString",
        "coordinates": [
          [
            10.397535,
            53.2290936
          ],
          [
            10.3975754,
            53.2290953
          ],
          [
            10.3975904,
            53.229096
          ],
          [
            10.3990869,
            53.2291485
          ]
        ]
      }
    },
    {
      "type": "Feature",
      "id": "way/25408962",
      "properties": {
        "traffic_sign": "DE:325",
        "smoothness": "good",
        "lit": "yes",
        "surface": "asphalt",
        "highway": "living_street",
        "noname": "yes",
        "id": "way/25408962",
        "nodeIds": [
          "276915534",
          "5260924025",
          "276915536",
          "5260924026",
          "276915535"
        ],
        "blockedNodeIds": [],
        "source": "OpenStreetMap",
        "confidence": "verified"
      },
      "geometry": {
        "type": "LineString",
        "coordinates": [
          [
            10.4004248,
            53.2293036
          ],
          [
            10.4004027,
            53.2295577
          ],
          [
            10.4003931,
            53.2296669
          ],
          [
            10.4003754,
            53.2298699
          ],
          [
            10.4003684,
            53.2299507
          ]
        ]
      }
    },
    {
      "type": "Feature",
      "id": "way/25408963",
      "properties": {
        "noname": "yes",
        "surface": "asphalt",
        "traffic_sign": "DE:325",
        "highway": "living_street",
        "id": "way/25408963",
        "nodeIds": [
          "276915536",
          "6860081292",
          "275907728"
        ],
        "blockedNodeIds": [],
        "source": "OpenStreetMap",
        "confidence": "verified"
      },
      "geometry": {
        "type": "LineString",
        "coordinates": [
          [
            10.4003931,
            53.2296669
          ],
          [
            10.4015621,
            53.2297083
          ],
          [
            10.4017518,
            53.2297155
          ]
        ]
      }
    },
    {
      "type": "Feature",
      "id": "way/25408966",
      "properties": {
        "traffic_sign": "DE:325",
        "smoothness": "good",
        "lit": "yes",
        "class:bicycle": "1",
        "surface": "asphalt",
        "highway": "living_street",
        "noname": "yes",
        "id": "way/25408966",
        "nodeIds": [
          "275907747",
          "6844035335",
          "6095584719",
          "274228101",
          "287752991",
          "427525337",
          "274098134"
        ],
        "blockedNodeIds": [],
        "source": "OpenStreetMap",
        "confidence": "verified"
      },
      "geometry": {
        "type": "LineString",
        "coordinates": [
          [
            10.4018474,
            53.2293494
          ],
          [
            10.4019224,
            53.2293523
          ],
          [
            10.4022915,
            53.2293648
          ],
          [
            10.4024957,
            53.2293735
          ],
          [
            10.4031252,
            53.2293958
          ],
          [
            10.4039575,
            53.2294288
          ],
          [
            10.4047959,
            53.2294589
          ]
        ]
      }
    },
    {
      "type": "Feature",
      "id": "way/25428431",
      "properties": {
        "highway": "path",
        "smoothness": "good",
        "lit": "yes",
        "surface": "paving_stones",
        "id": "way/25428431",
        "nodeIds": [
          "277126892",
          "277126896"
        ],
        "blockedNodeIds": [],
        "source": "OpenStreetMap",
        "confidence": "verified"
      },
      "geometry": {
        "type": "LineString",
        "coordinates": [
          [
            10.3981093,
            53.2277414
          ],
          [
            10.3991925,
            53.2277807
          ]
        ]
      }
    },
    {
      "type": "Feature",
      "id": "way/25428432",
      "properties": {
        "traffic_sign": "DE:325",
        "smoothness": "good",
        "lit": "yes",
        "surface": "asphalt",
        "highway": "living_street",
        "noname": "yes",
        "id": "way/25428432",
        "nodeIds": [
          "276915534",
          "1602198223",
          "5260924027",
          "1841136480",
          "1602186812",
          "10719377368",
          "277126901"
        ],
        "blockedNodeIds": [],
        "source": "OpenStreetMap",
        "confidence": "verified"
      },
      "geometry": {
        "type": "LineString",
        "coordinates": [
          [
            10.4004248,
            53.2293036
          ],
          [
            10.4004377,
            53.2291557
          ],
          [
            10.4004514,
            53.2289991
          ],
          [
            10.4004606,
            53.2288936
          ],
          [
            10.4004931,
            53.2285202
          ],
          [
            10.4005133,
            53.22815
          ],
          [
            10.4005186,
            53.228119
          ]
        ]
      }
    },
    {
      "type": "Feature",
      "id": "way/25485112",
      "properties": {
        "name": "Heinrich-Böll-Straße",
        "lanes": "2",
        "maxspeed": "50",
        "cycleway:both": "separate",
        "source:maxspeed": "DE:urban",
        "highway": "residential",
        "surface": "asphalt",
        "turn:lanes": "left|through;right",
        "oneway": "yes",
        "id": "way/25485112",
        "nodeIds": [
          "1584670830",
          "766573090",
          "272603703"
        ],
        "blockedNodeIds": [],
        "source": "OpenStreetMap",
        "confidence": "verified"
      },
      "geometry": {
        "type": "LineString",
        "coordinates": [
          [
            10.4047992,
            53.22668
          ],
          [
            10.4055117,
            53.226661
          ],
          [
            10.4056511,
            53.2266754
          ]
        ]
      }
    },
    {
      "type": "Feature",
      "id": "way/25485132",
      "properties": {
        "smoothness": "good",
        "lit": "yes",
        "name": "Nelly-Sachs-Straße",
        "class:bicycle": "2",
        "highway": "living_street",
        "surface": "paving_stones",
        "id": "way/25485132",
        "nodeIds": [
          "273712613",
          "3497285194",
          "275907767",
          "6155543989",
          "1584670809",
          "1648200505",
          "1648200503",
          "277697618",
          "521090848",
          "521090850",
          "1285041100"
        ],
        "blockedNodeIds": [],
        "source": "OpenStreetMap",
        "confidence": "verified"
      },
      "geometry": {
        "type": "LineString",
        "coordinates": [
          [
            10.4035829,
            53.2266714
          ],
          [
            10.4034825,
            53.2265925
          ],
          [
            10.403494,
            53.2263809
          ],
          [
            10.4035075,
            53.2262415
          ],
          [
            10.4035295,
            53.2259798
          ],
          [
            10.4035387,
            53.2258707
          ],
          [
            10.4035078,
            53.2257857
          ],
          [
            10.4035529,
            53.2253062
          ],
          [
            10.4035274,
            53.2252397
          ],
          [
            10.4034444,
            53.2252165
          ],
          [
            10.4032701,
            53.2252095
          ]
        ]
      }
    },
    {
      "type": "Feature",
      "id": "way/27811882",
      "properties": {
        "foot": "yes",
        "surface": "asphalt",
        "bicycle": "yes",
        "traffic_sign": "DE:240",
        "highway": "path",
        "segregated": "no",
        "path": "crossing",
        "id": "way/27811882",
        "nodeIds": [
          "6860824130",
          "270540950",
          "305382786"
        ],
        "blockedNodeIds": [],
        "source": "OpenStreetMap",
        "confidence": "verified"
      },
      "geometry": {
        "type": "LineString",
        "coordinates": [
          [
            10.4052782,
            53.2301153
          ],
          [
            10.405399,
            53.23012
          ],
          [
            10.4055591,
            53.2301253
          ]
        ]
      }
    },
    {
      "type": "Feature",
      "id": "way/27822600",
      "properties": {
        "highway": "path",
        "tracktype": "grade3",
        "motorcar": "no",
        "motorcycle": "no",
        "surface": "ground",
        "id": "way/27822600",
        "nodeIds": [
          "305489686",
          "12209107062",
          "12209107085",
          "305489696",
          "9788356447",
          "305489695",
          "12209107081",
          "9788356445",
          "9788356446",
          "2239449377",
          "2239449378",
          "305382786"
        ],
        "blockedNodeIds": [],
        "source": "OpenStreetMap",
        "confidence": "verified"
      },
      "geometry": {
        "type": "LineString",
        "coordinates": [
          [
            10.4071373,
            53.229171
          ],
          [
            10.40687,
            53.2292245
          ],
          [
            10.4067847,
            53.2292483
          ],
          [
            10.4066617,
            53.2292778
          ],
          [
            10.406462,
            53.2293586
          ],
          [
            10.4062851,
            53.2294803
          ],
          [
            10.4062558,
            53.2295141
          ],
          [
            10.4060735,
            53.2297239
          ],
          [
            10.4060249,
            53.2298328
          ],
          [
            10.4059906,
            53.2299793
          ],
          [
            10.4057317,
            53.2300415
          ],
          [
            10.4055591,
            53.2301253
          ]
        ]
      }
    },
    {
      "type": "Feature",
      "id": "way/29285221",
      "properties": {
        "smoothness": "intermediate",
        "lit": "no",
        "bicycle": "yes",
        "class:bicycle": "2",
        "incline": "0%",
        "width": "1.5",
        "highway": "footway",
        "surface": "dirt",
        "oneway": "no",
        "id": "way/29285221",
        "nodeIds": [
          "322048050",
          "322048057",
          "919427316",
          "919427335",
          "322048058",
          "322048059"
        ],
        "blockedNodeIds": [],
        "source": "OpenStreetMap",
        "confidence": "verified"
      },
      "geometry": {
        "type": "LineString",
        "coordinates": [
          [
            10.3954882,
            53.2269679
          ],
          [
            10.3956478,
            53.2270642
          ],
          [
            10.3963499,
            53.2279565
          ],
          [
            10.3964871,
            53.2281308
          ],
          [
            10.3965367,
            53.2282233
          ],
          [
            10.3966845,
            53.2282536
          ]
        ]
      }
    },
    {
      "type": "Feature",
      "id": "way/29285223",
      "properties": {
        "smoothness": "intermediate",
        "lit": "no",
        "class:bicycle": "2",
        "incline": "up",
        "width": "1",
        "highway": "footway",
        "surface": "dirt",
        "tracktype": "grade3",
        "oneway": "no",
        "id": "way/29285223",
        "nodeIds": [
          "322048061",
          "322048064",
          "322048065",
          "919427341",
          "919427319",
          "322048066"
        ],
        "blockedNodeIds": [],
        "source": "OpenStreetMap",
        "confidence": "verified"
      },
      "geometry": {
        "type": "LineString",
        "coordinates": [
          [
            10.3956405,
            53.2251145
          ],
          [
            10.3959584,
            53.2259199
          ],
          [
            10.3961791,
            53.2264593
          ],
          [
            10.3962047,
            53.2265178
          ],
          [
            10.396295,
            53.2267244
          ],
          [
            10.3964651,
            53.2271132
          ]
        ]
      }
    },
    {
      "type": "Feature",
      "id": "way/29285224",
      "properties": {
        "highway": "footway",
        "bicycle": "yes",
        "surface": "asphalt",
        "id": "way/29285224",
        "nodeIds": [
          "322048059",
          "322048060"
        ],
        "blockedNodeIds": [],
        "source": "OpenStreetMap",
        "confidence": "verified"
      },
      "geometry": {
        "type": "LineString",
        "coordinates": [
          [
            10.3966845,
            53.2282536
          ],
          [
            10.3972089,
            53.2283719
          ]
        ]
      }
    },
    {
      "type": "Feature",
      "id": "way/29285225",
      "properties": {
        "highway": "footway",
        "bicycle": "yes",
        "surface": "asphalt",
        "id": "way/29285225",
        "nodeIds": [
          "322048069",
          "322048070"
        ],
        "blockedNodeIds": [],
        "source": "OpenStreetMap",
        "confidence": "verified"
      },
      "geometry": {
        "type": "LineString",
        "coordinates": [
          [
            10.3971762,
            53.2271459
          ],
          [
            10.3976911,
            53.2272194
          ]
        ]
      }
    },
    {
      "type": "Feature",
      "id": "way/32557995",
      "properties": {
        "lit": "yes",
        "name": "Yorckstraße",
        "zone:maxspeed": "DE:30",
        "maxspeed": "30",
        "highway": "residential",
        "surface": "asphalt",
        "id": "way/32557995",
        "nodeIds": [
          "1851321295",
          "11554630681",
          "1657761820",
          "366184842",
          "1305735637",
          "366184845",
          "1305735563",
          "366184847",
          "1658870527",
          "366184849",
          "1658870528",
          "1658870529",
          "1658870532",
          "1658870546",
          "1658870547",
          "1657761893",
          "1658870548",
          "395336844",
          "1658870550",
          "1658870552",
          "366184832"
        ],
        "blockedNodeIds": [],
        "source": "OpenStreetMap",
        "confidence": "verified"
      },
      "geometry": {
        "type": "LineString",
        "coordinates": [
          [
            10.3960615,
            53.2299374
          ],
          [
            10.3960705,
            53.2300002
          ],
          [
            10.3961782,
            53.2303421
          ],
          [
            10.3962608,
            53.2305883
          ],
          [
            10.3962924,
            53.2306425
          ],
          [
            10.3963535,
            53.2306912
          ],
          [
            10.3964435,
            53.2307192
          ],
          [
            10.3965654,
            53.2307401
          ],
          [
            10.3966559,
            53.2307421
          ],
          [
            10.3970421,
            53.2307546
          ],
          [
            10.3972009,
            53.2307598
          ],
          [
            10.3975886,
            53.2307724
          ],
          [
            10.3978347,
            53.2307803
          ],
          [
            10.398136,
            53.2307901
          ],
          [
            10.3984494,
            53.2308003
          ],
          [
            10.3986383,
            53.2308064
          ],
          [
            10.3986857,
            53.2308079
          ],
          [
            10.3987809,
            53.230811
          ],
          [
            10.3992224,
            53.2308254
          ],
          [
            10.3996863,
            53.2308404
          ],
          [
            10.4000325,
            53.2308516
          ]
        ]
      }
    },
    {
      "type": "Feature",
      "id": "way/34415926",
      "properties": {
        "traffic_sign": "DE:250,DE:1020-30",
        "lit": "yes",
        "name": "Scharnhorststraße",
        "zone:maxspeed": "DE:30",
        "maxspeed": "30",
        "highway": "residential",
        "surface": "paving_stones",
        "vehicle": "destination",
        "id": "way/34415926",
        "nodeIds": [
          "395336849",
          "1658870488",
          "1658870478",
          "1658870476",
          "1658870475",
          "1658870474",
          "1658870473",
          "417024694"
        ],
        "blockedNodeIds": [],
        "source": "OpenStreetMap",
        "confidence": "verified"
      },
      "geometry": {
        "type": "LineString",
        "coordinates": [
          [
            10.4019888,
            53.2303778
          ],
          [
            10.4016809,
            53.230368
          ],
          [
            10.4014695,
            53.2303613
          ],
          [
            10.4012356,
            53.2303538
          ],
          [
            10.4010317,
            53.2303473
          ],
          [
            10.4007804,
            53.2303393
          ],
          [
            10.4005699,
            53.2303326
          ],
          [
            10.4003756,
            53.2303264
          ]
        ]
      }
    },
    {
      "type": "Feature",
      "id": "way/35031432",
      "properties": {
        "smoothness": "intermediate",
        "lit": "yes",
        "sidewalk": "both",
        "name": "Scharnhorststraße",
        "zone:maxspeed": "DE:30",
        "maxspeed": "30",
        "highway": "residential",
        "surface": "sett",
        "class:bicycle": "-2",
        "id": "way/35031432",
        "nodeIds": [
          "391475466",
          "6860081286",
          "3204268277"
        ],
        "blockedNodeIds": [],
        "source": "OpenStreetMap",
        "confidence": "verified"
      },
      "geometry": {
        "type": "LineString",
        "coordinates": [
          [
            10.4001048,
            53.2300803
          ],
          [
            10.4005125,
            53.2300949
          ],
          [
            10.4010718,
            53.2301148
          ]
        ]
      }
    },
    {
      "type": "Feature",
      "id": "way/35586823",
      "properties": {
        "lit": "yes",
        "sidewalk": "both",
        "name": "Blücherstraße",
        "zone:maxspeed": "DE:30",
        "maxspeed": "30",
        "highway": "residential",
        "surface": "asphalt",
        "id": "way/35586823",
        "nodeIds": [
          "395336850",
          "1658870495",
          "1658400276",
          "366184832",
          "1658870622",
          "1658870654",
          "1658400344",
          "1658870669",
          "1181280646"
        ],
        "blockedNodeIds": [],
        "source": "OpenStreetMap",
        "confidence": "verified"
      },
      "geometry": {
        "type": "LineString",
        "coordinates": [
          [
            10.4000826,
            53.2303171
          ],
          [
            10.4000696,
            53.2304559
          ],
          [
            10.4000523,
            53.2306407
          ],
          [
            10.4000325,
            53.2308516
          ],
          [
            10.400014,
            53.2310491
          ],
          [
            10.3999987,
            53.2312121
          ],
          [
            10.3999892,
            53.2313134
          ],
          [
            10.3999845,
            53.2313638
          ],
          [
            10.3999826,
            53.2313841
          ]
        ]
      }
    },
    {
      "type": "Feature",
      "id": "way/35586824",
      "properties": {
        "traffic_sign": "DE:250,DE:1020-30",
        "zone:maxspeed": "DE:30",
        "name": "Scharnhorststraße",
        "maxspeed": "30",
        "highway": "residential",
        "surface": "sett",
        "vehicle": "destination",
        "id": "way/35586824",
        "nodeIds": [
          "417024694",
          "395336850"
        ],
        "blockedNodeIds": [],
        "source": "OpenStreetMap",
        "confidence": "verified"
      },
      "geometry": {
        "type": "LineString",
        "coordinates": [
          [
            10.4003756,
            53.2303264
          ],
          [
            10.4000826,
            53.2303171
          ]
        ]
      }
    },
    {
      "type": "Feature",
      "id": "way/35603610",
      "properties": {
        "highway": "footway",
        "surface": "paving_stones",
        "id": "way/35603610",
        "nodeIds": [
          "555939019",
          "6095584720",
          "555939028"
        ],
        "blockedNodeIds": [],
        "source": "OpenStreetMap",
        "confidence": "verified"
      },
      "geometry": {
        "type": "LineString",
        "coordinates": [
          [
            10.4022701,
            53.2290828
          ],
          [
            10.4025828,
            53.2290908
          ],
          [
            10.4027655,
            53.2290979
          ]
        ]
      }
    },
    {
      "type": "Feature",
      "id": "way/35838909",
      "properties": {
        "smoothness": "intermediate",
        "lit": "yes",
        "sidewalk": "both",
        "name": "Scharnhorststraße",
        "zone:maxspeed": "DE:30",
        "maxspeed": "30",
        "highway": "residential",
        "surface": "sett",
        "class:bicycle": "-2",
        "id": "way/35838909",
        "nodeIds": [
          "274058480",
          "6842808828",
          "1658870452",
          "1658870453",
          "1658870454",
          "6862495286",
          "1658870455",
          "1658870456",
          "1658870457",
          "1658870458",
          "1658870468",
          "474727922",
          "1658870470",
          "12092274578",
          "357367437",
          "4732875474"
        ],
        "blockedNodeIds": [],
        "source": "OpenStreetMap",
        "confidence": "verified"
      },
      "geometry": {
        "type": "LineString",
        "coordinates": [
          [
            10.4020104,
            53.2301484
          ],
          [
            10.4024114,
            53.2301627
          ],
          [
            10.4024489,
            53.230164
          ],
          [
            10.4027353,
            53.2301742
          ],
          [
            10.4029822,
            53.2301831
          ],
          [
            10.4030583,
            53.2301858
          ],
          [
            10.4033548,
            53.2301964
          ],
          [
            10.403633,
            53.2302063
          ],
          [
            10.40403,
            53.2302205
          ],
          [
            10.4042811,
            53.2302295
          ],
          [
            10.4045529,
            53.2302392
          ],
          [
            10.4047507,
            53.2302462
          ],
          [
            10.4048148,
            53.2302485
          ],
          [
            10.4051544,
            53.230259
          ],
          [
            10.4051845,
            53.2302599
          ],
          [
            10.4052432,
            53.2302625
          ]
        ]
      }
    },
    {
      "type": "Feature",
      "id": "way/35838910",
      "properties": {
        "bicycle": "yes",
        "name": "Gneisenaustraße",
        "smoothness": "intermediate",
        "maxspeed": "30",
        "width:lanes": "3.40",
        "lit": "yes",
        "width": "5.20",
        "traffic_sign": "DE:250,DE:1020-12",
        "class:bicycle": "2",
        "vehicle": "destination",
        "surface": "asphalt",
        "zone:maxspeed": "DE:30",
        "highway": "residential",
        "id": "way/35838910",
        "nodeIds": [
          "395336849",
          "1658870499",
          "1658870544",
          "1658870551",
          "1658870568",
          "1658870593",
          "1658400313",
          "1658870652",
          "12151973511"
        ],
        "blockedNodeIds": [],
        "source": "OpenStreetMap",
        "confidence": "verified"
      },
      "geometry": {
        "type": "LineString",
        "coordinates": [
          [
            10.4019888,
            53.2303778
          ],
          [
            10.4019771,
            53.2305034
          ],
          [
            10.4019528,
            53.2307638
          ],
          [
            10.4019482,
            53.2308127
          ],
          [
            10.4019406,
            53.2308937
          ],
          [
            10.4019343,
            53.2309616
          ],
          [
            10.4019225,
            53.2310879
          ],
          [
            10.4019123,
            53.2311972
          ],
          [
            10.4019105,
            53.2312162
          ]
        ]
      }
    },
    {
      "type": "Feature",
      "id": "way/38145115",
      "properties": {
        "highway": "footway",
        "lit": "yes",
        "surface": "paving_stones",
        "id": "way/38145115",
        "nodeIds": [
          "7811144922",
          "7811144917",
          "7811144916"
        ],
        "blockedNodeIds": [],
        "source": "OpenStreetMap",
        "confidence": "verified"
      },
      "geometry": {
        "type": "LineString",
        "coordinates": [
          [
            10.3997048,
            53.229657
          ],
          [
            10.3997183,
            53.2294719
          ],
          [
            10.3998484,
            53.2292843
          ]
        ]
      }
    },
    {
      "type": "Feature",
      "id": "way/42010647",
      "properties": {
        "smoothness": "good",
        "lit": "yes",
        "name": "Heinrich-Böll-Straße",
        "zone:maxspeed": "DE:30",
        "maxspeed": "30",
        "highway": "residential",
        "surface": "paving_stones",
        "class:bicycle": "2",
        "id": "way/42010647",
        "nodeIds": [
          "521090881",
          "3851404997",
          "6928410281",
          "275907691"
        ],
        "blockedNodeIds": [],
        "source": "OpenStreetMap",
        "confidence": "verified"
      },
      "geometry": {
        "type": "LineString",
        "coordinates": [
          [
            10.4034512,
            53.2267863
          ],
          [
            10.4030769,
            53.2267741
          ],
          [
            10.4025095,
            53.2267555
          ],
          [
            10.4022109,
            53.2267454
          ]
        ]
      }
    },
    {
      "type": "Feature",
      "id": "way/42010648",
      "properties": {
        "highway": "service",
        "service": "driveway",
        "id": "way/42010648",
        "nodeIds": [
          "275907691",
          "1650431182",
          "521090864"
        ],
        "blockedNodeIds": [],
        "source": "OpenStreetMap",
        "confidence": "verified"
      },
      "geometry": {
        "type": "LineString",
        "coordinates": [
          [
            10.4022109,
            53.2267454
          ],
          [
            10.4021087,
            53.2266999
          ],
          [
            10.4013022,
            53.2266768
          ]
        ]
      }
    },
    {
      "type": "Feature",
      "id": "way/42010649",
      "properties": {
        "highway": "service",
        "service": "parking_aisle",
        "surface": "paving_stones",
        "id": "way/42010649",
        "nodeIds": [
          "275907691",
          "1650431187",
          "521090885",
          "1650431232",
          "1650431226",
          "1650431339"
        ],
        "blockedNodeIds": [],
        "source": "OpenStreetMap",
        "confidence": "verified"
      },
      "geometry": {
        "type": "LineString",
        "coordinates": [
          [
            10.4022109,
            53.2267454
          ],
          [
            10.402016,
            53.2267258
          ],
          [
            10.401825,
            53.2268075
          ],
          [
            10.4016207,
            53.2268031
          ],
          [
            10.4013752,
            53.2267976
          ],
          [
            10.4013429,
            53.227135
          ]
        ]
      }
    },
    {
      "type": "Feature",
      "id": "way/42010651",
      "properties": {
        "smoothness": "good",
        "lit": "yes",
        "name": "Carl-von-Ossietzky-Straße",
        "zone:maxspeed": "DE:30",
        "maxspeed": "30",
        "highway": "residential",
        "surface": "paving_stones",
        "class:bicycle": "1",
        "id": "way/42010651",
        "nodeIds": [
          "521090869",
          "6928410280",
          "6928410279",
          "6928410278",
          "6928410277",
          "521090870",
          "276915523"
        ],
        "blockedNodeIds": [],
        "source": "OpenStreetMap",
        "confidence": "verified"
      },
      "geometry": {
        "type": "LineString",
        "coordinates": [
          [
            10.4008368,
            53.2266841
          ],
          [
            10.4006408,
            53.2266769
          ],
          [
            10.4003725,
            53.2266671
          ],
          [
            10.400118,
            53.2266578
          ],
          [
            10.3998493,
            53.226648
          ],
          [
            10.3995984,
            53.2266388
          ],
          [
            10.3994731,
            53.2265752
          ]
        ]
      }
    },
    {
      "type": "Feature",
      "id": "way/42010653",
      "properties": {
        "highway": "residential",
        "surface": "paving_stones",
        "name": "Carl-von-Ossietzky-Straße",
        "zone:maxspeed": "DE:30",
        "maxspeed": "30",
        "id": "way/42010653",
        "nodeIds": [
          "521090869",
          "3125729757"
        ],
        "blockedNodeIds": [],
        "source": "OpenStreetMap",
        "confidence": "verified"
      },
      "geometry": {
        "type": "LineString",
        "coordinates": [
          [
            10.4008368,
            53.2266841
          ],
          [
            10.4008579,
            53.2264529
          ]
        ]
      }
    },
    {
      "type": "Feature",
      "id": "way/42010655",
      "properties": {
        "bicycle": "yes",
        "name": "Heinrich-Böll-Straße",
        "smoothness": "good",
        "maxspeed": "30",
        "lit": "yes",
        "width": "5",
        "bus": "designated",
        "class:bicycle": "1",
        "vehicle": "no",
        "surface": "paving_stones",
        "traffic_sign": "DE:245,1022-10",
        "zone:maxspeed": "DE:30",
        "highway": "service",
        "id": "way/42010655",
        "nodeIds": [
          "275907714",
          "9204349193",
          "275907710"
        ],
        "blockedNodeIds": [],
        "source": "OpenStreetMap",
        "confidence": "verified"
      },
      "geometry": {
        "type": "LineString",
        "coordinates": [
          [
            10.4019859,
            53.2274971
          ],
          [
            10.4019622,
            53.2274963
          ],
          [
            10.4019046,
            53.2274944
          ]
        ]
      }
    },
    {
      "type": "Feature",
      "id": "way/42010656",
      "properties": {
        "smoothness": "good",
        "lit": "yes",
        "name": "Heinrich-Böll-Straße",
        "zone:maxspeed": "DE:30",
        "maxspeed": "30",
        "width": "5",
        "highway": "residential",
        "surface": "paving_stones",
        "class:bicycle": "1",
        "id": "way/42010656",
        "nodeIds": [
          "275907691",
          "275907701",
          "9204349190",
          "275907705"
        ],
        "blockedNodeIds": [],
        "source": "OpenStreetMap",
        "confidence": "verified"
      },
      "geometry": {
        "type": "LineString",
        "coordinates": [
          [
            10.4022109,
            53.2267454
          ],
          [
            10.4021568,
            53.226811
          ],
          [
            10.4021277,
            53.2271722
          ],
          [
            10.4021019,
            53.227501
          ]
        ]
      }
    },
    {
      "type": "Feature",
      "id": "way/42010657",
      "properties": {
        "smoothness": "good",
        "lit": "yes",
        "name": "Carl-von-Ossietzky-Straße",
        "zone:maxspeed": "DE:30",
        "maxspeed": "30",
        "highway": "residential",
        "surface": "paving_stones",
        "class:bicycle": "1",
        "id": "way/42010657",
        "nodeIds": [
          "521090876",
          "12097040115",
          "10719377357",
          "1841136388",
          "521090879",
          "1841136435",
          "276915529"
        ],
        "blockedNodeIds": [],
        "source": "OpenStreetMap",
        "confidence": "verified"
      },
      "geometry": {
        "type": "LineString",
        "coordinates": [
          [
            10.4008094,
            53.2274575
          ],
          [
            10.4007591,
            53.2274558
          ],
          [
            10.4006711,
            53.2274533
          ],
          [
            10.4000532,
            53.2274349
          ],
          [
            10.3994066,
            53.2274102
          ],
          [
            10.3993379,
            53.2273879
          ],
          [
            10.3992944,
            53.2273453
          ]
        ]
      }
    },
    {
      "type": "Feature",
      "id": "way/42010658",
      "properties": {
        "traffic_sign": "DE:325",
        "smoothness": "good",
        "lit": "yes",
        "name": "Bertha-von-Suttner-Straße",
        "class:bicycle": "2",
        "highway": "living_street",
        "surface": "paving_stones",
        "id": "way/42010658",
        "nodeIds": [
          "276915523",
          "276915522",
          "521090872",
          "6155543991",
          "1648200504",
          "1648200486",
          "521090840",
          "1648200441",
          "521090843",
          "521090845",
          "521090857"
        ],
        "blockedNodeIds": [],
        "source": "OpenStreetMap",
        "confidence": "verified"
      },
      "geometry": {
        "type": "LineString",
        "coordinates": [
          [
            10.3994731,
            53.2265752
          ],
          [
            10.3996049,
            53.2264711
          ],
          [
            10.3996282,
            53.2262444
          ],
          [
            10.3996415,
            53.2261154
          ],
          [
            10.399675,
            53.225791
          ],
          [
            10.3996369,
            53.2256696
          ],
          [
            10.3996803,
            53.2252054
          ],
          [
            10.3997158,
            53.2251218
          ],
          [
            10.3998436,
            53.2250916
          ],
          [
            10.4009795,
            53.2251394
          ],
          [
            10.4013833,
            53.2251475
          ]
        ]
      }
    },
    {
      "type": "Feature",
      "id": "way/61389891",
      "properties": {
        "highway": "service",
        "id": "way/61389891",
        "nodeIds": [
          "89356459",
          "2239449352",
          "766572963",
          "1580924058",
          "766572964",
          "766572968",
          "2239449337",
          "272603703"
        ],
        "blockedNodeIds": [],
        "source": "OpenStreetMap",
        "confidence": "verified"
      },
      "geometry": {
        "type": "LineString",
        "coordinates": [
          [
            10.4056529,
            53.2272536
          ],
          [
            10.4057596,
            53.2272208
          ],
          [
            10.4058407,
            53.2271958
          ],
          [
            10.4058412,
            53.2271741
          ],
          [
            10.4058488,
            53.226849
          ],
          [
            10.4058487,
            53.2266859
          ],
          [
            10.4057618,
            53.2266748
          ],
          [
            10.4056511,
            53.2266754
          ]
        ]
      }
    },
    {
      "type": "Feature",
      "id": "way/61389892",
      "properties": {
        "highway": "service",
        "id": "way/61389892",
        "nodeIds": [
          "766572968",
          "766572987",
          "766572992",
          "766572964"
        ],
        "blockedNodeIds": [],
        "source": "OpenStreetMap",
        "confidence": "verified"
      },
      "geometry": {
        "type": "LineString",
        "coordinates": [
          [
            10.4058487,
            53.2266859
          ],
          [
            10.4060767,
            53.2267365
          ],
          [
            10.4060767,
            53.2268457
          ],
          [
            10.4058488,
            53.226849
          ]
        ]
      }
    },
    {
      "type": "Feature",
      "id": "way/78304513",
      "properties": {
        "smoothness": "bad",
        "lit": "no",
        "width:physical": "0.6",
        "class:bicycle": "2",
        "incline": "0%",
        "width": "1",
        "highway": "path",
        "surface": "dirt",
        "tracktype": "grade3",
        "oneway": "no",
        "id": "way/78304513",
        "nodeIds": [
          "919427346",
          "919427319"
        ],
        "blockedNodeIds": [],
        "source": "OpenStreetMap",
        "confidence": "verified"
      },
      "geometry": {
        "type": "LineString",
        "coordinates": [
          [
            10.3954364,
            53.2267605
          ],
          [
            10.396295,
            53.2267244
          ]
        ]
      }
    },
    {
      "type": "Feature",
      "id": "way/78304514",
      "properties": {
        "smoothness": "intermediate",
        "lit": "no",
        "class:bicycle": "2",
        "incline": "0%",
        "width": "1",
        "highway": "path",
        "surface": "dirt",
        "tracktype": "grade3",
        "oneway": "no",
        "id": "way/78304514",
        "nodeIds": [
          "919427348",
          "919427312",
          "919427298",
          "919427316"
        ],
        "blockedNodeIds": [],
        "source": "OpenStreetMap",
        "confidence": "verified"
      },
      "geometry": {
        "type": "LineString",
        "coordinates": [
          [
            10.3945416,
            53.2279707
          ],
          [
            10.3951389,
            53.2279883
          ],
          [
            10.3954394,
            53.2279804
          ],
          [
            10.3963499,
            53.2279565
          ]
        ]
      }
    },
    {
      "type": "Feature",
      "id": "way/78304515",
      "properties": {
        "smoothness": "intermediate",
        "lit": "no",
        "maxwidth:physical": "0.6",
        "class:bicycle": "2",
        "incline": "0%",
        "width": "1",
        "highway": "footway",
        "surface": "dirt",
        "tracktype": "grade3",
        "oneway": "no",
        "id": "way/78304515",
        "nodeIds": [
          "919427330",
          "919427307",
          "919427341",
          "322048049"
        ],
        "blockedNodeIds": [],
        "source": "OpenStreetMap",
        "confidence": "verified"
      },
      "geometry": {
        "type": "LineString",
        "coordinates": [
          [
            10.3974138,
            53.2253759
          ],
          [
            10.3966033,
            53.2261858
          ],
          [
            10.3962047,
            53.2265178
          ],
          [
            10.3954258,
            53.2267182
          ]
        ]
      }
    },
    {
      "type": "Feature",
      "id": "way/78304517",
      "properties": {
        "smoothness": "intermediate",
        "lit": "no",
        "class:bicycle": "2",
        "incline": "0%",
        "width": "1",
        "highway": "path",
        "surface": "dirt",
        "tracktype": "grade3",
        "oneway": "no",
        "id": "way/78304517",
        "nodeIds": [
          "322048066",
          "919427295",
          "919427328",
          "919427303",
          "919427335",
          "919427326",
          "919427301",
          "919427334",
          "919427309",
          "919427343"
        ],
        "blockedNodeIds": [],
        "source": "OpenStreetMap",
        "confidence": "verified"
      },
      "geometry": {
        "type": "LineString",
        "coordinates": [
          [
            10.3964651,
            53.2271132
          ],
          [
            10.3966563,
            53.2276484
          ],
          [
            10.3966758,
            53.227874
          ],
          [
            10.3965459,
            53.2280723
          ],
          [
            10.3964871,
            53.2281308
          ],
          [
            10.3964029,
            53.2282318
          ],
          [
            10.3960715,
            53.2282863
          ],
          [
            10.3958051,
            53.2283252
          ],
          [
            10.3955915,
            53.2283382
          ],
          [
            10.3956231,
            53.2285011
          ]
        ]
      }
    },
    {
      "type": "Feature",
      "id": "way/90239681",
      "properties": {
        "surface": "asphalt",
        "name": "Universitätsallee",
        "lanes": "1",
        "maxspeed": "50",
        "source:maxspeed": "DE:urban",
        "lane_markings": "no",
        "highway": "residential",
        "oneway": "yes",
        "id": "way/90239681",
        "nodeIds": [
          "1046267306",
          "3971596832",
          "1046267266",
          "1046267420",
          "1046267363",
          "1046267280"
        ],
        "blockedNodeIds": [],
        "source": "OpenStreetMap",
        "confidence": "verified"
      },
      "geometry": {
        "type": "LineString",
        "coordinates": [
          [
            10.4056525,
            53.2271375
          ],
          [
            10.4056267,
            53.227111
          ],
          [
            10.4055386,
            53.2269256
          ],
          [
            10.4054701,
            53.2268529
          ],
          [
            10.4053834,
            53.2267967
          ],
          [
            10.4052579,
            53.2267446
          ]
        ]
      }
    },
    {
      "type": "Feature",
      "id": "way/92479481",
      "properties": {
        "traffic_sign": "DE:325",
        "smoothness": "good",
        "lit": "yes",
        "class:bicycle": "1",
        "surface": "asphalt",
        "highway": "living_street",
        "noname": "yes",
        "id": "way/92479481",
        "nodeIds": [
          "1073593897",
          "6490366293",
          "5260908466",
          "5260908469",
          "5724011352",
          "274097006"
        ],
        "blockedNodeIds": [],
        "source": "OpenStreetMap",
        "confidence": "verified"
      },
      "geometry": {
        "type": "LineString",
        "coordinates": [
          [
            10.4019028,
            53.2286088
          ],
          [
            10.4019947,
            53.2286116
          ],
          [
            10.4024757,
            53.228626
          ],
          [
            10.4026946,
            53.2286326
          ],
          [
            10.4029327,
            53.2286398
          ],
          [
            10.4031886,
            53.2286475
          ]
        ]
      }
    },
    {
      "type": "Feature",
      "id": "way/102809768",
      "properties": {
        "maxspeed": "30",
        "smoothness": "good",
        "lit": "yes",
        "name": "Heinrich-Böll-Straße",
        "zone:maxspeed": "DE:30",
        "class:bicycle": "1",
        "bicycle": "yes",
        "traffic_sign": "DE:245,1022-10",
        "bus": "designated",
        "highway": "service",
        "surface": "paving_stones",
        "vehicle": "no",
        "id": "way/102809768",
        "nodeIds": [
          "275907710",
          "9204349191",
          "1187269492"
        ],
        "blockedNodeIds": [],
        "source": "OpenStreetMap",
        "confidence": "verified"
      },
      "geometry": {
        "type": "LineString",
        "coordinates": [
          [
            10.4019046,
            53.2274944
          ],
          [
            10.4016209,
            53.2274848
          ],
          [
            10.4015929,
            53.2274839
          ]
        ]
      }
    },
    {
      "type": "Feature",
      "id": "way/102809772",
      "properties": {
        "smoothness": "good",
        "lit": "yes",
        "name": "Wichernstraße",
        "lanes": "2",
        "maxspeed": "30",
        "width": "5.40",
        "highway": "residential",
        "zone:maxspeed": "DE:30",
        "surface": "asphalt",
        "class:bicycle": "-1",
        "id": "way/102809772",
        "nodeIds": [
          "3037347711",
          "2840088685",
          "11554630680",
          "276915518"
        ],
        "blockedNodeIds": [],
        "source": "OpenStreetMap",
        "confidence": "verified"
      },
      "geometry": {
        "type": "LineString",
        "coordinates": [
          [
            10.3970863,
            53.2286566
          ],
          [
            10.396664,
            53.2296677
          ],
          [
            10.3965881,
            53.2298492
          ],
          [
            10.3965663,
            53.2299542
          ]
        ]
      }
    },
    {
      "type": "Feature",
      "id": "way/102809777",
      "properties": {
        "smoothness": "intermediate",
        "lit": "yes",
        "sidewalk": "both",
        "name": "Scharnhorststraße",
        "zone:maxspeed": "DE:30",
        "maxspeed": "30",
        "highway": "residential",
        "surface": "sett",
        "class:bicycle": "-2",
        "id": "way/102809777",
        "nodeIds": [
          "276915518",
          "1658870419",
          "1658870421",
          "276915516",
          "1658870423",
          "1658870426",
          "1658870429",
          "1658870430",
          "1658870432",
          "1657761790",
          "1658870433",
          "277697077",
          "1658870435",
          "1658870446",
          "6842808829",
          "1658870448",
          "391475466"
        ],
        "blockedNodeIds": [],
        "source": "OpenStreetMap",
        "confidence": "verified"
      },
      "geometry": {
        "type": "LineString",
        "coordinates": [
          [
            10.3965663,
            53.2299542
          ],
          [
            10.3966751,
            53.2299578
          ],
          [
            10.3969764,
            53.2299685
          ],
          [
            10.3971986,
            53.2299765
          ],
          [
            10.397274,
            53.2299792
          ],
          [
            10.397581,
            53.2299901
          ],
          [
            10.3978817,
            53.2300009
          ],
          [
            10.3981787,
            53.2300115
          ],
          [
            10.3984418,
            53.2300209
          ],
          [
            10.3987156,
            53.2300307
          ],
          [
            10.3989647,
            53.2300396
          ],
          [
            10.3991464,
            53.2300461
          ],
          [
            10.3992326,
            53.2300492
          ],
          [
            10.3995727,
            53.2300617
          ],
          [
            10.3996702,
            53.2300653
          ],
          [
            10.3997079,
            53.2300667
          ],
          [
            10.4001048,
            53.2300803
          ]
        ]
      }
    },
    {
      "type": "Feature",
      "id": "way/102809779",
      "properties": {
        "lit": "yes",
        "sidewalk": "both",
        "name": "Blücherstraße",
        "zone:maxspeed": "DE:30",
        "maxspeed": "30",
        "highway": "residential",
        "surface": "asphalt",
        "id": "way/102809779",
        "nodeIds": [
          "391475466",
          "11554630685",
          "3222164914",
          "12151973514",
          "395336850"
        ],
        "blockedNodeIds": [],
        "source": "OpenStreetMap",
        "confidence": "verified"
      },
      "geometry": {
        "type": "LineString",
        "coordinates": [
          [
            10.4001048,
            53.2300803
          ],
          [
            10.4000984,
            53.2301487
          ],
          [
            10.4000929,
            53.2302074
          ],
          [
            10.4000849,
            53.230293
          ],
          [
            10.4000826,
            53.2303171
          ]
        ]
      }
    },
    {
      "type": "Feature",
      "id": "way/102814865",
      "properties": {
        "smoothness": "good",
        "lit": "yes",
        "name": "Heinrich-Böll-Straße",
        "zone:maxspeed": "DE:30",
        "maxspeed": "30",
        "highway": "residential",
        "surface": "asphalt",
        "class:bicycle": "1",
        "id": "way/102814865",
        "nodeIds": [
          "273712613",
          "1584670822",
          "521090881",
          "12011755902",
          "1584670826",
          "273712606",
          "5724011354",
          "1650431396"
        ],
        "blockedNodeIds": [],
        "source": "OpenStreetMap",
        "confidence": "verified"
      },
      "geometry": {
        "type": "LineString",
        "coordinates": [
          [
            10.4035829,
            53.2266714
          ],
          [
            10.4035075,
            53.2267129
          ],
          [
            10.4034512,
            53.2267863
          ],
          [
            10.4034362,
            53.2270582
          ],
          [
            10.4034212,
            53.22733
          ],
          [
            10.4034151,
            53.2274638
          ],
          [
            10.4033848,
            53.2275097
          ],
          [
            10.4032941,
            53.2275412
          ]
        ]
      }
    },
    {
      "type": "Feature",
      "id": "way/102814867",
      "properties": {
        "maxspeed": "30",
        "smoothness": "good",
        "lit": "yes",
        "name": "Wichernstraße",
        "lanes": "2",
        "class:bicycle": "-1",
        "incline": "no",
        "width": "5.40",
        "highway": "residential",
        "zone:maxspeed": "DE:30",
        "surface": "asphalt",
        "oneway": "no",
        "id": "way/102814867",
        "nodeIds": [
          "276915521",
          "1181281054"
        ],
        "blockedNodeIds": [],
        "source": "OpenStreetMap",
        "confidence": "verified"
      },
      "geometry": {
        "type": "LineString",
        "coordinates": [
          [
            10.3980265,
            53.2264353
          ],
          [
            10.397945,
            53.2266326
          ]
        ]
      }
    },
    {
      "type": "Feature",
      "id": "way/102814872",
      "properties": {
        "maxspeed": "30",
        "smoothness": "good",
        "lit": "yes",
        "name": "Heinrich-Böll-Straße",
        "zone:maxspeed": "DE:30",
        "class:bicycle": "1",
        "bicycle": "yes",
        "traffic_sign": "DE:245,1022-10",
        "bus": "designated",
        "highway": "service",
        "surface": "paving_stones",
        "vehicle": "no",
        "id": "way/102814872",
        "nodeIds": [
          "1187269492",
          "11971902067"
        ],
        "blockedNodeIds": [],
        "source": "OpenStreetMap",
        "confidence": "verified"
      },
      "geometry": {
        "type": "LineString",
        "coordinates": [
          [
            10.4015929,
            53.2274839
          ],
          [
            10.4010109,
            53.2274643
          ]
        ]
      }
    },
    {
      "type": "Feature",
      "id": "way/134108268",
      "properties": {
        "highway": "footway",
        "check_date:surface": "2024-08-21",
        "surface": "paving_stones",
        "id": "way/134108268",
        "nodeIds": [
          "1474926807",
          "1474926825"
        ],
        "blockedNodeIds": [],
        "source": "OpenStreetMap",
        "confidence": "verified"
      },
      "geometry": {
        "type": "LineString",
        "coordinates": [
          [
            10.3975337,
            53.2287999
          ],
          [
            10.3976504,
            53.2288265
          ]
        ]
      }
    },
    {
      "type": "Feature",
      "id": "way/134108270",
      "properties": {
        "highway": "footway",
        "surface": "paving_stones",
        "id": "way/134108270",
        "nodeIds": [
          "1474926803",
          "5614864314",
          "1474926818"
        ],
        "blockedNodeIds": [],
        "source": "OpenStreetMap",
        "confidence": "verified"
      },
      "geometry": {
        "type": "LineString",
        "coordinates": [
          [
            10.3983187,
            53.2267496
          ],
          [
            10.3983424,
            53.2267534
          ],
          [
            10.3985369,
            53.2267836
          ]
        ]
      }
    },
    {
      "type": "Feature",
      "id": "way/134108275",
      "properties": {
        "highway": "footway",
        "surface": "paving_stones",
        "id": "way/134108275",
        "nodeIds": [
          "1474926793",
          "1474926823"
        ],
        "blockedNodeIds": [],
        "source": "OpenStreetMap",
        "confidence": "verified"
      },
      "geometry": {
        "type": "LineString",
        "coordinates": [
          [
            10.3978634,
            53.2278927
          ],
          [
            10.3980398,
            53.2279147
          ]
        ]
      }
    },
    {
      "type": "Feature",
      "id": "way/134108277",
      "properties": {
        "highway": "footway",
        "surface": "paving_stones",
        "id": "way/134108277",
        "nodeIds": [
          "1474926800",
          "1474926820"
        ],
        "blockedNodeIds": [],
        "source": "OpenStreetMap",
        "confidence": "verified"
      },
      "geometry": {
        "type": "LineString",
        "coordinates": [
          [
            10.398026,
            53.2273728
          ],
          [
            10.3982545,
            53.2274062
          ]
        ]
      }
    },
    {
      "type": "Feature",
      "id": "way/144545377",
      "properties": {
        "highway": "service",
        "id": "way/144545377",
        "nodeIds": [
          "1580924058",
          "1580923976",
          "1580923973",
          "1580924073",
          "1580924019",
          "1580923979"
        ],
        "blockedNodeIds": [],
        "source": "OpenStreetMap",
        "confidence": "verified"
      },
      "geometry": {
        "type": "LineString",
        "coordinates": [
          [
            10.4058412,
            53.2271741
          ],
          [
            10.4061011,
            53.2271749
          ],
          [
            10.4061534,
            53.2271701
          ],
          [
            10.4061937,
            53.2271532
          ],
          [
            10.4062217,
            53.2271195
          ],
          [
            10.4062243,
            53.2268579
          ]
        ]
      }
    },
    {
      "type": "Feature",
      "id": "way/144545379",
      "properties": {
        "highway": "service",
        "id": "way/144545379",
        "nodeIds": [
          "1580923970",
          "1580923933",
          "766572987"
        ],
        "blockedNodeIds": [],
        "source": "OpenStreetMap",
        "confidence": "verified"
      },
      "geometry": {
        "type": "LineString",
        "coordinates": [
          [
            10.406223,
            53.2267508
          ],
          [
            10.406128,
            53.2267358
          ],
          [
            10.4060767,
            53.2267365
          ]
        ]
      }
    },
    {
      "type": "Feature",
      "id": "way/147025814",
      "properties": {
        "foot": "yes",
        "horse": "no",
        "wheelchair": "no",
        "surface": "paving_stones",
        "bicycle": "no",
        "highway": "path",
        "trail_visibility": "good",
        "id": "way/147025814",
        "nodeIds": [
          "1602186811",
          "8956510539",
          "8956510545",
          "1602186812"
        ],
        "blockedNodeIds": [],
        "source": "OpenStreetMap",
        "confidence": "verified"
      },
      "geometry": {
        "type": "LineString",
        "coordinates": [
          [
            10.3992672,
            53.2285089
          ],
          [
            10.3998984,
            53.2285102
          ],
          [
            10.4002218,
            53.2285162
          ],
          [
            10.4004931,
            53.2285202
          ]
        ]
      }
    },
    {
      "type": "Feature",
      "id": "way/147026326",
      "properties": {
        "highway": "footway",
        "smoothness": "good",
        "lit": "yes",
        "surface": "paving_stones",
        "id": "way/147026326",
        "nodeIds": [
          "1841136404",
          "277126901",
          "12045936009",
          "1602190904"
        ],
        "blockedNodeIds": [],
        "source": "OpenStreetMap",
        "confidence": "verified"
      },
      "geometry": {
        "type": "LineString",
        "coordinates": [
          [
            10.401164,
            53.2281433
          ],
          [
            10.4005186,
            53.228119
          ],
          [
            10.4004697,
            53.228112
          ],
          [
            10.400435,
            53.228119
          ]
        ]
      }
    },
    {
      "type": "Feature",
      "id": "way/152003075",
      "properties": {
        "highway": "footway",
        "surface": "paving_stones",
        "id": "way/152003075",
        "nodeIds": [
          "6928410281",
          "1648395194"
        ],
        "blockedNodeIds": [],
        "source": "OpenStreetMap",
        "confidence": "verified"
      },
      "geometry": {
        "type": "LineString",
        "coordinates": [
          [
            10.4025095,
            53.2267555
          ],
          [
            10.4025519,
            53.2263565
          ]
        ]
      }
    },
    {
      "type": "Feature",
      "id": "way/152209171",
      "properties": {
        "highway": "service",
        "service": "parking_aisle",
        "surface": "paving_stones",
        "id": "way/152209171",
        "nodeIds": [
          "1650431232",
          "1650431342"
        ],
        "blockedNodeIds": [],
        "source": "OpenStreetMap",
        "confidence": "verified"
      },
      "geometry": {
        "type": "LineString",
        "coordinates": [
          [
            10.4016207,
            53.2268031
          ],
          [
            10.4015919,
            53.2271421
          ]
        ]
      }
    },
    {
      "type": "Feature",
      "id": "way/153027895",
      "properties": {
        "highway": "service",
        "service": "driveway",
        "id": "way/153027895",
        "nodeIds": [
          "1657761840",
          "1657761820"
        ],
        "blockedNodeIds": [],
        "source": "OpenStreetMap",
        "confidence": "verified"
      },
      "geometry": {
        "type": "LineString",
        "coordinates": [
          [
            10.3957586,
            53.2303878
          ],
          [
            10.3961782,
            53.2303421
          ]
        ]
      }
    },
    {
      "type": "Feature",
      "id": "way/153027897",
      "properties": {
        "highway": "service",
        "service": "driveway",
        "id": "way/153027897",
        "nodeIds": [
          "1657761790",
          "1657761822",
          "1657761836"
        ],
        "blockedNodeIds": [],
        "source": "OpenStreetMap",
        "confidence": "verified"
      },
      "geometry": {
        "type": "LineString",
        "coordinates": [
          [
            10.3987156,
            53.2300307
          ],
          [
            10.3986816,
            53.2303481
          ],
          [
            10.3988533,
            53.2303561
          ]
        ]
      }
    },
    {
      "type": "Feature",
      "id": "way/153169117",
      "properties": {
        "highway": "footway",
        "surface": "paving_stones",
        "id": "way/153169117",
        "nodeIds": [
          "1658869584",
          "12151973514"
        ],
        "blockedNodeIds": [],
        "source": "OpenStreetMap",
        "confidence": "verified"
      },
      "geometry": {
        "type": "LineString",
        "coordinates": [
          [
            10.3999297,
            53.2302854
          ],
          [
            10.4000849,
            53.230293
          ]
        ]
      }
    },
    {
      "type": "Feature",
      "id": "way/153169121",
      "properties": {
        "highway": "service",
        "service": "driveway",
        "id": "way/153169121",
        "nodeIds": [
          "1658870486",
          "1658870470"
        ],
        "blockedNodeIds": [],
        "source": "OpenStreetMap",
        "confidence": "verified"
      },
      "geometry": {
        "type": "LineString",
        "coordinates": [
          [
            10.4048048,
            53.2303382
          ],
          [
            10.4048148,
            53.2302485
          ]
        ]
      }
    },
    {
      "type": "Feature",
      "id": "way/153169122",
      "properties": {
        "highway": "footway",
        "surface": "paving_stones",
        "id": "way/153169122",
        "nodeIds": [
          "1658869880",
          "1658870473"
        ],
        "blockedNodeIds": [],
        "source": "OpenStreetMap",
        "confidence": "verified"
      },
      "geometry": {
        "type": "LineString",
        "coordinates": [
          [
            10.4005632,
            53.2304071
          ],
          [
            10.4005699,
            53.2303326
          ]
        ]
      }
    },
    {
      "type": "Feature",
      "id": "way/153169123",
      "properties": {
        "highway": "footway",
        "id": "way/153169123",
        "nodeIds": [
          "1658869688",
          "1658870453"
        ],
        "blockedNodeIds": [],
        "source": "OpenStreetMap",
        "confidence": "verified"
      },
      "geometry": {
        "type": "LineString",
        "coordinates": [
          [
            10.4027283,
            53.2302897
          ],
          [
            10.4027353,
            53.2301742
          ]
        ]
      }
    },
    {
      "type": "Feature",
      "id": "way/153169125",
      "properties": {
        "highway": "footway",
        "surface": "paving_stones",
        "id": "way/153169125",
        "nodeIds": [
          "1658870011",
          "1658870432"
        ],
        "blockedNodeIds": [],
        "source": "OpenStreetMap",
        "confidence": "verified"
      },
      "geometry": {
        "type": "LineString",
        "coordinates": [
          [
            10.3984388,
            53.2301407
          ],
          [
            10.3984418,
            53.2300209
          ]
        ]
      }
    },
    {
      "type": "Feature",
      "id": "way/153169130",
      "properties": {
        "highway": "footway",
        "surface": "paving_stones",
        "id": "way/153169130",
        "nodeIds": [
          "1658869717",
          "1658870488"
        ],
        "blockedNodeIds": [],
        "source": "OpenStreetMap",
        "confidence": "verified"
      },
      "geometry": {
        "type": "LineString",
        "coordinates": [
          [
            10.4016741,
            53.2304449
          ],
          [
            10.4016809,
            53.230368
          ]
        ]
      }
    },
    {
      "type": "Feature",
      "id": "way/153169132",
      "properties": {
        "highway": "footway",
        "surface": "paving_stones",
        "id": "way/153169132",
        "nodeIds": [
          "1658869976",
          "1658870435"
        ],
        "blockedNodeIds": [],
        "source": "OpenStreetMap",
        "confidence": "verified"
      },
      "geometry": {
        "type": "LineString",
        "coordinates": [
          [
            10.3992234,
            53.2301672
          ],
          [
            10.3992326,
            53.2300492
          ]
        ]
      }
    },
    {
      "type": "Feature",
      "id": "way/153169139",
      "properties": {
        "highway": "footway",
        "id": "way/153169139",
        "nodeIds": [
          "1658869784",
          "1658870468"
        ],
        "blockedNodeIds": [],
        "source": "OpenStreetMap",
        "confidence": "verified"
      },
      "geometry": {
        "type": "LineString",
        "coordinates": [
          [
            10.4045429,
            53.2303536
          ],
          [
            10.4045529,
            53.2302392
          ]
        ]
      }
    },
    {
      "type": "Feature",
      "id": "way/153169146",
      "properties": {
        "highway": "footway",
        "surface": "paving_stones",
        "id": "way/153169146",
        "nodeIds": [
          "1658870065",
          "1658870429"
        ],
        "blockedNodeIds": [],
        "source": "OpenStreetMap",
        "confidence": "verified"
      },
      "geometry": {
        "type": "LineString",
        "coordinates": [
          [
            10.3978749,
            53.2301228
          ],
          [
            10.3978817,
            53.2300009
          ]
        ]
      }
    },
    {
      "type": "Feature",
      "id": "way/153169161",
      "properties": {
        "highway": "footway",
        "surface": "paving_stones",
        "id": "way/153169161",
        "nodeIds": [
          "1658870193",
          "1658870421"
        ],
        "blockedNodeIds": [],
        "source": "OpenStreetMap",
        "confidence": "verified"
      },
      "geometry": {
        "type": "LineString",
        "coordinates": [
          [
            10.396969,
            53.2300912
          ],
          [
            10.3969764,
            53.2299685
          ]
        ]
      }
    },
    {
      "type": "Feature",
      "id": "way/153169168",
      "properties": {
        "highway": "footway",
        "surface": "paving_stones",
        "id": "way/153169168",
        "nodeIds": [
          "1658869777",
          "11554630683"
        ],
        "blockedNodeIds": [],
        "source": "OpenStreetMap",
        "confidence": "verified"
      },
      "geometry": {
        "type": "LineString",
        "coordinates": [
          [
            10.4021378,
            53.2303603
          ],
          [
            10.4019908,
            53.2303565
          ]
        ]
      }
    },
    {
      "type": "Feature",
      "id": "way/153169182",
      "properties": {
        "highway": "footway",
        "surface": "paving_stones",
        "id": "way/153169182",
        "nodeIds": [
          "1658869842",
          "1658870475"
        ],
        "blockedNodeIds": [],
        "source": "OpenStreetMap",
        "confidence": "verified"
      },
      "geometry": {
        "type": "LineString",
        "coordinates": [
          [
            10.401025,
            53.2304228
          ],
          [
            10.4010317,
            53.2303473
          ]
        ]
      }
    },
    {
      "type": "Feature",
      "id": "way/153169194",
      "properties": {
        "highway": "footway",
        "id": "way/153169194",
        "nodeIds": [
          "1658870124",
          "1658870458"
        ],
        "blockedNodeIds": [],
        "source": "OpenStreetMap",
        "confidence": "verified"
      },
      "geometry": {
        "type": "LineString",
        "coordinates": [
          [
            10.4042717,
            53.2303442
          ],
          [
            10.4042811,
            53.2302295
          ]
        ]
      }
    },
    {
      "type": "Feature",
      "id": "way/153169198",
      "properties": {
        "highway": "footway",
        "surface": "paving_stones",
        "id": "way/153169198",
        "nodeIds": [
          "1658870167",
          "1658870423"
        ],
        "blockedNodeIds": [],
        "source": "OpenStreetMap",
        "confidence": "verified"
      },
      "geometry": {
        "type": "LineString",
        "coordinates": [
          [
            10.397267,
            53.2301002
          ],
          [
            10.397274,
            53.2299792
          ]
        ]
      }
    },
    {
      "type": "Feature",
      "id": "way/153169200",
      "properties": {
        "highway": "footway",
        "surface": "paving_stones",
        "id": "way/153169200",
        "nodeIds": [
          "1658869902",
          "417024694"
        ],
        "blockedNodeIds": [],
        "source": "OpenStreetMap",
        "confidence": "verified"
      },
      "geometry": {
        "type": "LineString",
        "coordinates": [
          [
            10.400369,
            53.2304005
          ],
          [
            10.4003756,
            53.2303264
          ]
        ]
      }
    },
    {
      "type": "Feature",
      "id": "way/153169203",
      "properties": {
        "highway": "footway",
        "id": "way/153169203",
        "nodeIds": [
          "1658869656",
          "1658870454"
        ],
        "blockedNodeIds": [],
        "source": "OpenStreetMap",
        "confidence": "verified"
      },
      "geometry": {
        "type": "LineString",
        "coordinates": [
          [
            10.4029726,
            53.2302979
          ],
          [
            10.4029822,
            53.2301831
          ]
        ]
      }
    },
    {
      "type": "Feature",
      "id": "way/153169204",
      "properties": {
        "highway": "footway",
        "surface": "paving_stones",
        "id": "way/153169204",
        "nodeIds": [
          "1658870238",
          "1658870417"
        ],
        "blockedNodeIds": [],
        "source": "OpenStreetMap",
        "confidence": "verified"
      },
      "geometry": {
        "type": "LineString",
        "coordinates": [
          [
            10.3964082,
            53.2300763
          ],
          [
            10.396418,
            53.2299493
          ]
        ]
      }
    },
    {
      "type": "Feature",
      "id": "way/153169208",
      "properties": {
        "highway": "footway",
        "id": "way/153169208",
        "nodeIds": [
          "1658869614",
          "1658870455"
        ],
        "blockedNodeIds": [],
        "source": "OpenStreetMap",
        "confidence": "verified"
      },
      "geometry": {
        "type": "LineString",
        "coordinates": [
          [
            10.4033442,
            53.2303136
          ],
          [
            10.4033548,
            53.2301964
          ]
        ]
      }
    },
    {
      "type": "Feature",
      "id": "way/153169209",
      "properties": {
        "highway": "footway",
        "surface": "paving_stones",
        "id": "way/153169209",
        "nodeIds": [
          "1658870002",
          "1658870433"
        ],
        "blockedNodeIds": [],
        "source": "OpenStreetMap",
        "confidence": "verified"
      },
      "geometry": {
        "type": "LineString",
        "coordinates": [
          [
            10.398962,
            53.2301585
          ],
          [
            10.3989647,
            53.2300396
          ]
        ]
      }
    },
    {
      "type": "Feature",
      "id": "way/153169218",
      "properties": {
        "highway": "footway",
        "surface": "paving_stones",
        "id": "way/153169218",
        "nodeIds": [
          "1658870038",
          "1658870430"
        ],
        "blockedNodeIds": [],
        "source": "OpenStreetMap",
        "confidence": "verified"
      },
      "geometry": {
        "type": "LineString",
        "coordinates": [
          [
            10.398173,
            53.2301319
          ],
          [
            10.3981787,
            53.2300115
          ]
        ]
      }
    },
    {
      "type": "Feature",
      "id": "way/153169219",
      "properties": {
        "highway": "footway",
        "surface": "paving_stones",
        "id": "way/153169219",
        "nodeIds": [
          "1658869861",
          "1658870474"
        ],
        "blockedNodeIds": [],
        "source": "OpenStreetMap",
        "confidence": "verified"
      },
      "geometry": {
        "type": "LineString",
        "coordinates": [
          [
            10.4007737,
            53.2304143
          ],
          [
            10.4007804,
            53.2303393
          ]
        ]
      }
    },
    {
      "type": "Feature",
      "id": "way/153169235",
      "properties": {
        "highway": "footway",
        "surface": "paving_stones",
        "id": "way/153169235",
        "nodeIds": [
          "1658870147",
          "1658870426"
        ],
        "blockedNodeIds": [],
        "source": "OpenStreetMap",
        "confidence": "verified"
      },
      "geometry": {
        "type": "LineString",
        "coordinates": [
          [
            10.3975745,
            53.2301121
          ],
          [
            10.397581,
            53.2299901
          ]
        ]
      }
    },
    {
      "type": "Feature",
      "id": "way/153169241",
      "properties": {
        "highway": "footway",
        "surface": "paving_stones",
        "id": "way/153169241",
        "nodeIds": [
          "1658869738",
          "1658870478"
        ],
        "blockedNodeIds": [],
        "source": "OpenStreetMap",
        "confidence": "verified"
      },
      "geometry": {
        "type": "LineString",
        "coordinates": [
          [
            10.4014627,
            53.2304377
          ],
          [
            10.4014695,
            53.2303613
          ]
        ]
      }
    },
    {
      "type": "Feature",
      "id": "way/153169246",
      "properties": {
        "highway": "footway",
        "surface": "paving_stones",
        "id": "way/153169246",
        "nodeIds": [
          "1658869932",
          "1658870446"
        ],
        "blockedNodeIds": [],
        "source": "OpenStreetMap",
        "confidence": "verified"
      },
      "geometry": {
        "type": "LineString",
        "coordinates": [
          [
            10.3995639,
            53.2301795
          ],
          [
            10.3995727,
            53.2300617
          ]
        ]
      }
    },
    {
      "type": "Feature",
      "id": "way/153169252",
      "properties": {
        "highway": "service",
        "service": "driveway",
        "id": "way/153169252",
        "nodeIds": [
          "1658870472",
          "1658870452"
        ],
        "blockedNodeIds": [],
        "source": "OpenStreetMap",
        "confidence": "verified"
      },
      "geometry": {
        "type": "LineString",
        "coordinates": [
          [
            10.4024412,
            53.2302824
          ],
          [
            10.4024489,
            53.230164
          ]
        ]
      }
    },
    {
      "type": "Feature",
      "id": "way/153169255",
      "properties": {
        "highway": "footway",
        "surface": "paving_stones",
        "id": "way/153169255",
        "nodeIds": [
          "1658869829",
          "1658870476"
        ],
        "blockedNodeIds": [],
        "source": "OpenStreetMap",
        "confidence": "verified"
      },
      "geometry": {
        "type": "LineString",
        "coordinates": [
          [
            10.4012289,
            53.2304297
          ],
          [
            10.4012356,
            53.2303538
          ]
        ]
      }
    },
    {
      "type": "Feature",
      "id": "way/153169263",
      "properties": {
        "highway": "footway",
        "id": "way/153169263",
        "nodeIds": [
          "1658870309",
          "1658870457"
        ],
        "blockedNodeIds": [],
        "source": "OpenStreetMap",
        "confidence": "verified"
      },
      "geometry": {
        "type": "LineString",
        "coordinates": [
          [
            10.4040191,
            53.2303354
          ],
          [
            10.40403,
            53.2302205
          ]
        ]
      }
    },
    {
      "type": "Feature",
      "id": "way/153169270",
      "properties": {
        "highway": "footway",
        "surface": "paving_stones",
        "id": "way/153169270",
        "nodeIds": [
          "1658870214",
          "1658870419"
        ],
        "blockedNodeIds": [],
        "source": "OpenStreetMap",
        "confidence": "verified"
      },
      "geometry": {
        "type": "LineString",
        "coordinates": [
          [
            10.3966652,
            53.2300837
          ],
          [
            10.3966751,
            53.2299578
          ]
        ]
      }
    },
    {
      "type": "Feature",
      "id": "way/153169272",
      "properties": {
        "highway": "footway",
        "id": "way/153169272",
        "nodeIds": [
          "1658870390",
          "1658870456"
        ],
        "blockedNodeIds": [],
        "source": "OpenStreetMap",
        "confidence": "verified"
      },
      "geometry": {
        "type": "LineString",
        "coordinates": [
          [
            10.4036223,
            53.2303241
          ],
          [
            10.403633,
            53.2302063
          ]
        ]
      }
    },
    {
      "type": "Feature",
      "id": "way/153169274",
      "properties": {
        "highway": "footway",
        "surface": "paving_stones",
        "id": "way/153169274",
        "nodeIds": [
          "1658869931",
          "1658870477",
          "1658870448"
        ],
        "blockedNodeIds": [],
        "source": "OpenStreetMap",
        "confidence": "verified"
      },
      "geometry": {
        "type": "LineString",
        "coordinates": [
          [
            10.399576,
            53.2303261
          ],
          [
            10.3996917,
            53.2303276
          ],
          [
            10.3997079,
            53.2300667
          ]
        ]
      }
    },
    {
      "type": "Feature",
      "id": "way/158604443",
      "properties": {
        "highway": "footway",
        "surface": "paving_stones",
        "id": "way/158604443",
        "nodeIds": [
          "5724011356",
          "10719377335",
          "5249245052",
          "1707690978",
          "1707690981"
        ],
        "blockedNodeIds": [],
        "source": "OpenStreetMap",
        "confidence": "verified"
      },
      "geometry": {
        "type": "LineString",
        "coordinates": [
          [
            10.4033862,
            53.2280975
          ],
          [
            10.4034793,
            53.2281104
          ],
          [
            10.4035136,
            53.2281111
          ],
          [
            10.4041061,
            53.2279701
          ],
          [
            10.404115,
            53.2278793
          ]
        ]
      }
    },
    {
      "type": "Feature",
      "id": "way/158604445",
      "properties": {
        "traffic_sign": "DE:325",
        "smoothness": "good",
        "lit": "yes",
        "class:bicycle": "1",
        "surface": "asphalt",
        "highway": "living_street",
        "noname": "yes",
        "id": "way/158604445",
        "nodeIds": [
          "6844110156",
          "287752991",
          "1841136511",
          "6490275133",
          "10719377319",
          "274097006",
          "10719377334",
          "11972023050",
          "277696603",
          "5724011355",
          "1707690977"
        ],
        "blockedNodeIds": [],
        "source": "OpenStreetMap",
        "confidence": "verified"
      },
      "geometry": {
        "type": "LineString",
        "coordinates": [
          [
            10.4031047,
            53.229638
          ],
          [
            10.4031252,
            53.2293958
          ],
          [
            10.4031477,
            53.2291306
          ],
          [
            10.403172,
            53.2288435
          ],
          [
            10.4031776,
            53.2287784
          ],
          [
            10.4031886,
            53.2286475
          ],
          [
            10.4031991,
            53.2285246
          ],
          [
            10.4032249,
            53.2282197
          ],
          [
            10.4032279,
            53.2281791
          ],
          [
            10.4032291,
            53.2281619
          ],
          [
            10.4032639,
            53.2276963
          ]
        ]
      }
    },
    {
      "type": "Feature",
      "id": "way/173272332",
      "properties": {
        "foot": "yes",
        "horse": "no",
        "wheelchair": "no",
        "name": "Laubgang",
        "surface": "woodchips",
        "bicycle": "no",
        "width": "2",
        "highway": "path",
        "snowmobile": "no",
        "trail_visibility": "bad",
        "ski": "no",
        "id": "way/173272332",
        "nodeIds": [
          "1602190904",
          "1602190903"
        ],
        "blockedNodeIds": [],
        "source": "OpenStreetMap",
        "confidence": "verified"
      },
      "geometry": {
        "type": "LineString",
        "coordinates": [
          [
            10.400435,
            53.228119
          ],
          [
            10.4000143,
            53.2281122
          ]
        ]
      }
    },
    {
      "type": "Feature",
      "id": "way/173272333",
      "properties": {
        "highway": "footway",
        "surface": "paving_stones",
        "id": "way/173272333",
        "nodeIds": [
          "1841136580",
          "1841136583"
        ],
        "blockedNodeIds": [],
        "source": "OpenStreetMap",
        "confidence": "verified"
      },
      "geometry": {
        "type": "LineString",
        "coordinates": [
          [
            10.3991068,
            53.2296748
          ],
          [
            10.3992226,
            53.229679
          ]
        ]
      }
    },
    {
      "type": "Feature",
      "id": "way/173272334",
      "properties": {
        "highway": "footway",
        "surface": "paving_stones",
        "id": "way/173272334",
        "nodeIds": [
          "1841136513",
          "1841136515"
        ],
        "blockedNodeIds": [],
        "source": "OpenStreetMap",
        "confidence": "verified"
      },
      "geometry": {
        "type": "LineString",
        "coordinates": [
          [
            10.4018645,
            53.2291209
          ],
          [
            10.4019933,
            53.2291242
          ]
        ]
      }
    },
    {
      "type": "Feature",
      "id": "way/173272336",
      "properties": {
        "wheelchair": "no",
        "smoothness": "intermediate",
        "lit": "no",
        "surface": "ground",
        "highway": "path",
        "trail_visibility": "bad",
        "id": "way/173272336",
        "nodeIds": [
          "1602190903",
          "10719377365",
          "10719377360",
          "12045936006",
          "10719377364",
          "10719377363",
          "1841136388"
        ],
        "blockedNodeIds": [],
        "source": "OpenStreetMap",
        "confidence": "verified"
      },
      "geometry": {
        "type": "LineString",
        "coordinates": [
          [
            10.4000143,
            53.2281122
          ],
          [
            10.4000346,
            53.2278774
          ],
          [
            10.4000842,
            53.2278334
          ],
          [
            10.4000903,
            53.2277464
          ],
          [
            10.4000974,
            53.2276445
          ],
          [
            10.4000483,
            53.2276221
          ],
          [
            10.4000532,
            53.2274349
          ]
        ]
      }
    },
    {
      "type": "Feature",
      "id": "way/173272337",
      "properties": {
        "highway": "footway",
        "surface": "paving_stones",
        "id": "way/173272337",
        "nodeIds": [
          "1841136602",
          "1841136603"
        ],
        "blockedNodeIds": [],
        "source": "OpenStreetMap",
        "confidence": "verified"
      },
      "geometry": {
        "type": "LineString",
        "coordinates": [
          [
            10.402943,
            53.2297957
          ],
          [
            10.4030912,
            53.2297976
          ]
        ]
      }
    },
    {
      "type": "Feature",
      "id": "way/173272338",
      "properties": {
        "highway": "footway",
        "lit": "yes",
        "surface": "paving_stones",
        "id": "way/173272338",
        "nodeIds": [
          "7811144925",
          "448941497"
        ],
        "blockedNodeIds": [],
        "source": "OpenStreetMap",
        "confidence": "verified"
      },
      "geometry": {
        "type": "LineString",
        "coordinates": [
          [
            10.3996372,
            53.2296908
          ],
          [
            10.3994813,
            53.2296855
          ]
        ]
      }
    },
    {
      "type": "Feature",
      "id": "way/173272339",
      "properties": {
        "highway": "path",
        "lit": "no",
        "informal": "yes",
        "surface": "compacted",
        "id": "way/173272339",
        "nodeIds": [
          "1602190903",
          "10719377366",
          "10719377367",
          "1602186811"
        ],
        "blockedNodeIds": [],
        "source": "OpenStreetMap",
        "confidence": "verified"
      },
      "geometry": {
        "type": "LineString",
        "coordinates": [
          [
            10.4000143,
            53.2281122
          ],
          [
            10.3999959,
            53.2282272
          ],
          [
            10.3995377,
            53.2283251
          ],
          [
            10.3992672,
            53.2285089
          ]
        ]
      }
    },
    {
      "type": "Feature",
      "id": "way/173272340",
      "properties": {
        "highway": "footway",
        "id": "way/173272340",
        "nodeIds": [
          "417279701",
          "9782479269"
        ],
        "blockedNodeIds": [],
        "source": "OpenStreetMap",
        "confidence": "verified"
      },
      "geometry": {
        "type": "LineString",
        "coordinates": [
          [
            10.4024616,
            53.2296863
          ],
          [
            10.4024436,
            53.2296857
          ]
        ]
      }
    },
    {
      "type": "Feature",
      "id": "way/173272341",
      "properties": {
        "highway": "footway",
        "covered": "yes",
        "lit": "yes",
        "surface": "wood",
        "id": "way/173272341",
        "nodeIds": [
          "1841136404",
          "5260908464",
          "1841136406"
        ],
        "blockedNodeIds": [],
        "source": "OpenStreetMap",
        "confidence": "verified"
      },
      "geometry": {
        "type": "LineString",
        "coordinates": [
          [
            10.401164,
            53.2281433
          ],
          [
            10.4012325,
            53.2281461
          ],
          [
            10.4013029,
            53.2281497
          ]
        ]
      }
    },
    {
      "type": "Feature",
      "id": "way/173272342",
      "properties": {
        "highway": "footway",
        "covered": "yes",
        "lit": "yes",
        "surface": "wood",
        "id": "way/173272342",
        "nodeIds": [
          "5260908463",
          "1841136438"
        ],
        "blockedNodeIds": [],
        "source": "OpenStreetMap",
        "confidence": "verified"
      },
      "geometry": {
        "type": "LineString",
        "coordinates": [
          [
            10.4012081,
            53.2284909
          ],
          [
            10.4012781,
            53.2284918
          ]
        ]
      }
    },
    {
      "type": "Feature",
      "id": "way/173272343",
      "properties": {
        "highway": "footway",
        "surface": "paving_stones",
        "id": "way/173272343",
        "nodeIds": [
          "1841136458",
          "1841136460"
        ],
        "blockedNodeIds": [],
        "source": "OpenStreetMap",
        "confidence": "verified"
      },
      "geometry": {
        "type": "LineString",
        "coordinates": [
          [
            10.4018884,
            53.2288011
          ],
          [
            10.4020238,
            53.2288103
          ]
        ]
      }
    },
    {
      "type": "Feature",
      "id": "way/173272344",
      "properties": {
        "highway": "footway",
        "id": "way/173272344",
        "nodeIds": [
          "7811144939",
          "1841136610"
        ],
        "blockedNodeIds": [],
        "source": "OpenStreetMap",
        "confidence": "verified"
      },
      "geometry": {
        "type": "LineString",
        "coordinates": [
          [
            10.4018523,
            53.229888
          ],
          [
            10.4019228,
            53.2298912
          ]
        ]
      }
    },
    {
      "type": "Feature",
      "id": "way/173272345",
      "properties": {
        "highway": "footway",
        "smoothness": "good",
        "lit": "yes",
        "surface": "paving_stones",
        "id": "way/173272345",
        "nodeIds": [
          "448942686",
          "10537054071",
          "448942687"
        ],
        "blockedNodeIds": [],
        "source": "OpenStreetMap",
        "confidence": "verified"
      },
      "geometry": {
        "type": "LineString",
        "coordinates": [
          [
            10.3998051,
            53.2289938
          ],
          [
            10.3999246,
            53.2289943
          ],
          [
            10.4000734,
            53.228995
          ]
        ]
      }
    },
    {
      "type": "Feature",
      "id": "way/173272346",
      "properties": {
        "highway": "service",
        "smoothness": "good",
        "living_street": "yes",
        "lit": "no",
        "surface": "paving_stones",
        "id": "way/173272346",
        "nodeIds": [
          "1841136597",
          "1841136594"
        ],
        "blockedNodeIds": [],
        "source": "OpenStreetMap",
        "confidence": "verified"
      },
      "geometry": {
        "type": "LineString",
        "coordinates": [
          [
            10.3972953,
            53.2297225
          ],
          [
            10.3974169,
            53.2297297
          ]
        ]
      }
    },
    {
      "type": "Feature",
      "id": "way/173272347",
      "properties": {
        "highway": "footway",
        "smoothness": "good",
        "lit": "yes",
        "surface": "paving_stones",
        "id": "way/173272347",
        "nodeIds": [
          "448942176",
          "448942686"
        ],
        "blockedNodeIds": [],
        "source": "OpenStreetMap",
        "confidence": "verified"
      },
      "geometry": {
        "type": "LineString",
        "coordinates": [
          [
            10.3995617,
            53.2289892
          ],
          [
            10.3998051,
            53.2289938
          ]
        ]
      }
    },
    {
      "type": "Feature",
      "id": "way/173272348",
      "properties": {
        "highway": "path",
        "smoothness": "good",
        "class:bicycle:description": "Wert 0 nach LGMaps-Schema ermittelt, daher nicht gesetzt",
        "lit": "yes",
        "surface": "fine_gravel",
        "id": "way/173272348",
        "nodeIds": [
          "275907747",
          "6844035334",
          "6844035336",
          "276915534"
        ],
        "blockedNodeIds": [],
        "source": "OpenStreetMap",
        "confidence": "verified"
      },
      "geometry": {
        "type": "LineString",
        "coordinates": [
          [
            10.4018474,
            53.2293494
          ],
          [
            10.4017671,
            53.2293468
          ],
          [
            10.4004814,
            53.2293055
          ],
          [
            10.4004248,
            53.2293036
          ]
        ]
      }
    },
    {
      "type": "Feature",
      "id": "way/173272349",
      "properties": {
        "highway": "footway",
        "bicycle": "yes",
        "id": "way/173272349",
        "nodeIds": [
          "1841136568",
          "1841136565",
          "6842808827",
          "7811144939",
          "7811144938"
        ],
        "blockedNodeIds": [],
        "source": "OpenStreetMap",
        "confidence": "verified"
      },
      "geometry": {
        "type": "LineString",
        "coordinates": [
          [
            10.4019492,
            53.2295883
          ],
          [
            10.40183,
            53.2295821
          ],
          [
            10.401865,
            53.2297499
          ],
          [
            10.4018523,
            53.229888
          ],
          [
            10.4018254,
            53.2301417
          ]
        ]
      }
    },
    {
      "type": "Feature",
      "id": "way/173272350",
      "properties": {
        "highway": "footway",
        "surface": "paving_stones",
        "id": "way/173272350",
        "nodeIds": [
          "417279646",
          "427525337"
        ],
        "blockedNodeIds": [],
        "source": "OpenStreetMap",
        "confidence": "verified"
      },
      "geometry": {
        "type": "LineString",
        "coordinates": [
          [
            10.4039459,
            53.2295924
          ],
          [
            10.4039575,
            53.2294288
          ]
        ]
      }
    },
    {
      "type": "Feature",
      "id": "way/173272351",
      "properties": {
        "highway": "footway",
        "surface": "paving_stones",
        "id": "way/173272351",
        "nodeIds": [
          "1841136483",
          "1841136485"
        ],
        "blockedNodeIds": [],
        "source": "OpenStreetMap",
        "confidence": "verified"
      },
      "geometry": {
        "type": "LineString",
        "coordinates": [
          [
            10.4012475,
            53.2289156
          ],
          [
            10.4018785,
            53.2289333
          ]
        ]
      }
    },
    {
      "type": "Feature",
      "id": "way/173272353",
      "properties": {
        "highway": "footway",
        "covered": "yes",
        "indoor": "yes",
        "id": "way/173272353",
        "nodeIds": [
          "1841136483",
          "5260908462",
          "1841136482"
        ],
        "blockedNodeIds": [],
        "source": "OpenStreetMap",
        "confidence": "verified"
      },
      "geometry": {
        "type": "LineString",
        "coordinates": [
          [
            10.4012475,
            53.2289156
          ],
          [
            10.4011782,
            53.2289137
          ],
          [
            10.4011086,
            53.2289117
          ]
        ]
      }
    },
    {
      "type": "Feature",
      "id": "way/173272354",
      "properties": {
        "traffic_sign": "DE:325",
        "smoothness": "good",
        "lit": "yes",
        "surface": "asphalt",
        "highway": "living_street",
        "noname": "yes",
        "motor_vehicle": "delivery",
        "id": "way/173272354",
        "nodeIds": [
          "276915530",
          "7811144915",
          "448941333",
          "7811144916",
          "276915534"
        ],
        "blockedNodeIds": [],
        "source": "OpenStreetMap",
        "confidence": "verified"
      },
      "geometry": {
        "type": "LineString",
        "coordinates": [
          [
            10.3991761,
            53.2292635
          ],
          [
            10.3996191,
            53.2292777
          ],
          [
            10.399764,
            53.2292824
          ],
          [
            10.3998484,
            53.2292843
          ],
          [
            10.4004248,
            53.2293036
          ]
        ]
      }
    },
    {
      "type": "Feature",
      "id": "way/173272355",
      "properties": {
        "highway": "footway",
        "lit": "yes",
        "surface": "paving_stones",
        "id": "way/173272355",
        "nodeIds": [
          "1602198223",
          "5385845492",
          "277126904"
        ],
        "blockedNodeIds": [],
        "source": "OpenStreetMap",
        "confidence": "verified"
      },
      "geometry": {
        "type": "LineString",
        "coordinates": [
          [
            10.4004377,
            53.2291557
          ],
          [
            10.4007979,
            53.2291638
          ],
          [
            10.4018595,
            53.2291881
          ]
        ]
      }
    },
    {
      "type": "Feature",
      "id": "way/173272356",
      "properties": {
        "traffic_sign": "DE:325",
        "smoothness": "good",
        "lit": "yes",
        "surface": "asphalt",
        "highway": "living_street",
        "noname": "yes",
        "motor_vehicle": "delivery",
        "oneway": "yes",
        "id": "way/173272356",
        "nodeIds": [
          "1841136559",
          "1841136571"
        ],
        "blockedNodeIds": [],
        "source": "OpenStreetMap",
        "confidence": "verified"
      },
      "geometry": {
        "type": "LineString",
        "coordinates": [
          [
            10.3973631,
            53.2295447
          ],
          [
            10.3991144,
            53.2296047
          ]
        ]
      }
    },
    {
      "type": "Feature",
      "id": "way/173272358",
      "properties": {
        "highway": "path",
        "surface": "compacted",
        "id": "way/173272358",
        "nodeIds": [
          "1841136511",
          "1841136500",
          "6490275135",
          "1841136497",
          "1841136502",
          "6490275139",
          "5249246400",
          "5249246399"
        ],
        "blockedNodeIds": [],
        "source": "OpenStreetMap",
        "confidence": "verified"
      },
      "geometry": {
        "type": "LineString",
        "coordinates": [
          [
            10.4031477,
            53.2291306
          ],
          [
            10.4035992,
            53.2290716
          ],
          [
            10.4038691,
            53.229052
          ],
          [
            10.4039829,
            53.229058
          ],
          [
            10.404091,
            53.2290636
          ],
          [
            10.4042577,
            53.2290994
          ],
          [
            10.4045811,
            53.2291548
          ],
          [
            10.4048339,
            53.2291569
          ]
        ]
      }
    },
    {
      "type": "Feature",
      "id": "way/214394841",
      "properties": {
        "traffic_sign": "DE:325",
        "smoothness": "good",
        "lit": "yes",
        "surface": "paving_stones",
        "highway": "living_street",
        "noname": "yes",
        "oneway": "no",
        "id": "way/214394841",
        "nodeIds": [
          "1841136597",
          "10750730981",
          "1841136559"
        ],
        "blockedNodeIds": [],
        "source": "OpenStreetMap",
        "confidence": "verified"
      },
      "geometry": {
        "type": "LineString",
        "coordinates": [
          [
            10.3972953,
            53.2297225
          ],
          [
            10.397328,
            53.2296367
          ],
          [
            10.3973631,
            53.2295447
          ]
        ]
      }
    },
    {
      "type": "Feature",
      "id": "way/214394852",
      "properties": {
        "foot": "designated",
        "traffic_sign": "DE:240,1022-11",
        "smoothness": "good",
        "lit": "yes",
        "width": "2.5",
        "surface": "paving_stones",
        "bicycle": "designated",
        "class:bicycle:description": "Wert 0 nach LGMaps Schema ermittelt, daher nicht gesetzt",
        "highway": "path",
        "segregated": "no",
        "mofa": "yes",
        "oneway": "no",
        "id": "way/214394852",
        "nodeIds": [
          "2239449337",
          "2239449344",
          "2239449352",
          "2239449357",
          "2239449359",
          "2239449362",
          "2239449363",
          "2239449365"
        ],
        "blockedNodeIds": [],
        "source": "OpenStreetMap",
        "confidence": "verified"
      },
      "geometry": {
        "type": "LineString",
        "coordinates": [
          [
            10.4057618,
            53.2266748
          ],
          [
            10.4057652,
            53.2268325
          ],
          [
            10.4057596,
            53.2272208
          ],
          [
            10.4057538,
            53.2277916
          ],
          [
            10.4057663,
            53.227835
          ],
          [
            10.4057555,
            53.2279151
          ],
          [
            10.4057429,
            53.2280082
          ],
          [
            10.4057424,
            53.2280701
          ]
        ]
      }
    },
    {
      "type": "Feature",
      "id": "way/214394854",
      "properties": {
        "smoothness": "good",
        "lit": "yes",
        "class:bicycle": "-2",
        "bicycle": "yes",
        "highway": "footway",
        "surface": "asphalt",
        "removed:traffic_sign": "DE:239,DE:1022-10",
        "id": "way/214394854",
        "nodeIds": [
          "12012291704",
          "1046267420",
          "2239449343",
          "6220902829",
          "766573090",
          "2239449331"
        ],
        "blockedNodeIds": [],
        "source": "OpenStreetMap",
        "confidence": "verified"
      },
      "geometry": {
        "type": "LineString",
        "coordinates": [
          [
            10.4053918,
            53.226888
          ],
          [
            10.4054701,
            53.2268529
          ],
          [
            10.4055214,
            53.2268318
          ],
          [
            10.4055172,
            53.2267522
          ],
          [
            10.4055117,
            53.226661
          ],
          [
            10.4055095,
            53.2265974
          ]
        ]
      }
    },
    {
      "type": "Feature",
      "id": "way/214394859",
      "properties": {
        "foot": "designated",
        "smoothness": "good",
        "lit": "yes",
        "footway:surface": "paving_stones",
        "surface": "paving_stones",
        "bicycle": "designated",
        "traffic_sign": "none",
        "highway": "path",
        "segregated": "yes",
        "oneway": "yes",
        "id": "way/214394859",
        "nodeIds": [
          "12012291704",
          "2239449341",
          "2239449339",
          "2239449338",
          "2239449334",
          "2239449336",
          "273712613"
        ],
        "blockedNodeIds": [],
        "source": "OpenStreetMap",
        "confidence": "verified"
      },
      "geometry": {
        "type": "LineString",
        "coordinates": [
          [
            10.4053918,
            53.226888
          ],
          [
            10.4052346,
            53.2268134
          ],
          [
            10.4050489,
            53.226762
          ],
          [
            10.4048272,
            53.226746
          ],
          [
            10.4037516,
            53.226713
          ],
          [
            10.4036562,
            53.2267283
          ],
          [
            10.4035829,
            53.2266714
          ]
        ]
      }
    },
    {
      "type": "Feature",
      "id": "way/279818545",
      "properties": {
        "highway": "service",
        "service": "driveway",
        "surface": "paving_stones",
        "id": "way/279818545",
        "nodeIds": [
          "2840088685",
          "2840088686",
          "2840088687",
          "2840088688"
        ],
        "blockedNodeIds": [],
        "source": "OpenStreetMap",
        "confidence": "verified"
      },
      "geometry": {
        "type": "LineString",
        "coordinates": [
          [
            10.396664,
            53.2296677
          ],
          [
            10.396346,
            53.2295391
          ],
          [
            10.3959651,
            53.2294395
          ],
          [
            10.3952463,
            53.2293978
          ]
        ]
      }
    },
    {
      "type": "Feature",
      "id": "way/299691612",
      "properties": {
        "highway": "footway",
        "lit": "yes",
        "check_date:surface": "2024-08-19",
        "surface": "paving_stones",
        "id": "way/299691612",
        "nodeIds": [
          "3037347701",
          "3037347700"
        ],
        "blockedNodeIds": [],
        "source": "OpenStreetMap",
        "confidence": "verified"
      },
      "geometry": {
        "type": "LineString",
        "coordinates": [
          [
            10.3973509,
            53.228439
          ],
          [
            10.3971907,
            53.2284141
          ]
        ]
      }
    },
    {
      "type": "Feature",
      "id": "way/299691613",
      "properties": {
        "highway": "footway",
        "check_date:surface": "2022-09-18",
        "surface": "paving_stones",
        "id": "way/299691613",
        "nodeIds": [
          "3037347672",
          "3037347683"
        ],
        "blockedNodeIds": [],
        "source": "OpenStreetMap",
        "confidence": "verified"
      },
      "geometry": {
        "type": "LineString",
        "coordinates": [
          [
            10.3972364,
            53.2278513
          ],
          [
            10.3974108,
            53.2278893
          ]
        ]
      }
    },
    {
      "type": "Feature",
      "id": "way/299691614",
      "properties": {
        "highway": "footway",
        "check_date:surface": "2022-09-18",
        "surface": "paving_stones",
        "id": "way/299691614",
        "nodeIds": [
          "3037347668",
          "3037347709"
        ],
        "blockedNodeIds": [],
        "source": "OpenStreetMap",
        "confidence": "verified"
      },
      "geometry": {
        "type": "LineString",
        "coordinates": [
          [
            10.3970205,
            53.2284797
          ],
          [
            10.3971476,
            53.2285142
          ]
        ]
      }
    },
    {
      "type": "Feature",
      "id": "way/299691615",
      "properties": {
        "highway": "footway",
        "check_date:surface": "2022-09-18",
        "surface": "paving_stones",
        "id": "way/299691615",
        "nodeIds": [
          "3037347670",
          "3037347693"
        ],
        "blockedNodeIds": [],
        "source": "OpenStreetMap",
        "confidence": "verified"
      },
      "geometry": {
        "type": "LineString",
        "coordinates": [
          [
            10.397086,
            53.2282184
          ],
          [
            10.3972555,
            53.2282604
          ]
        ]
      }
    },
    {
      "type": "Feature",
      "id": "way/299691616",
      "properties": {
        "highway": "footway",
        "lit": "yes",
        "check_date:surface": "2024-08-19",
        "surface": "paving_stones",
        "id": "way/299691616",
        "nodeIds": [
          "3037347682",
          "3037347679"
        ],
        "blockedNodeIds": [],
        "source": "OpenStreetMap",
        "confidence": "verified"
      },
      "geometry": {
        "type": "LineString",
        "coordinates": [
          [
            10.3976334,
            53.2278807
          ],
          [
            10.3974263,
            53.2278523
          ]
        ]
      }
    },
    {
      "type": "Feature",
      "id": "way/299691617",
      "properties": {
        "highway": "footway",
        "check_date:surface": "2022-09-18",
        "surface": "paving_stones",
        "id": "way/299691617",
        "nodeIds": [
          "3037347685",
          "3037347671"
        ],
        "blockedNodeIds": [],
        "source": "OpenStreetMap",
        "confidence": "verified"
      },
      "geometry": {
        "type": "LineString",
        "coordinates": [
          [
            10.397327,
            53.228097
          ],
          [
            10.3971886,
            53.2280781
          ]
        ]
      }
    },
    {
      "type": "Feature",
      "id": "way/299691618",
      "properties": {
        "highway": "footway",
        "check_date:surface": "2022-09-18",
        "surface": "paving_stones",
        "id": "way/299691618",
        "nodeIds": [
          "3037347675",
          "3037347711"
        ],
        "blockedNodeIds": [],
        "source": "OpenStreetMap",
        "confidence": "verified"
      },
      "geometry": {
        "type": "LineString",
        "coordinates": [
          [
            10.3969221,
            53.2286139
          ],
          [
            10.3970863,
            53.2286566
          ]
        ]
      }
    },
    {
      "type": "Feature",
      "id": "way/299691619",
      "properties": {
        "highway": "footway",
        "check_date:surface": "2022-09-18",
        "surface": "paving_stones",
        "id": "way/299691619",
        "nodeIds": [
          "3037347674",
          "3037347676"
        ],
        "blockedNodeIds": [],
        "source": "OpenStreetMap",
        "confidence": "verified"
      },
      "geometry": {
        "type": "LineString",
        "coordinates": [
          [
            10.3973466,
            53.227704
          ],
          [
            10.3974809,
            53.2277217
          ]
        ]
      }
    },
    {
      "type": "Feature",
      "id": "way/299691620",
      "properties": {
        "highway": "footway",
        "lit": "yes",
        "check_date:surface": "2024-08-21",
        "surface": "paving_stones",
        "id": "way/299691620",
        "nodeIds": [
          "3037347686",
          "3037347695",
          "3037347669"
        ],
        "blockedNodeIds": [],
        "source": "OpenStreetMap",
        "confidence": "verified"
      },
      "geometry": {
        "type": "LineString",
        "coordinates": [
          [
            10.3975163,
            53.2281242
          ],
          [
            10.397447,
            53.2282812
          ],
          [
            10.3974439,
            53.2282884
          ]
        ]
      }
    },
    {
      "type": "Feature",
      "id": "way/299691621",
      "properties": {
        "highway": "service",
        "service": "driveway",
        "surface": "grass_paver",
        "id": "way/299691621",
        "nodeIds": [
          "3037347705",
          "3037347708",
          "3037347710"
        ],
        "blockedNodeIds": [],
        "source": "OpenStreetMap",
        "confidence": "verified"
      },
      "geometry": {
        "type": "LineString",
        "coordinates": [
          [
            10.3971719,
            53.2284579
          ],
          [
            10.3972599,
            53.2284716
          ],
          [
            10.3977686,
            53.2285504
          ]
        ]
      }
    },
    {
      "type": "Feature",
      "id": "way/299691622",
      "properties": {
        "highway": "footway",
        "lit": "yes",
        "check_date:surface": "2024-08-19",
        "surface": "paving_stones",
        "id": "way/299691622",
        "nodeIds": [
          "3037347686",
          "3037347684",
          "13438934526",
          "13438934528",
          "13438934530",
          "13438934529",
          "13438934527",
          "13438934531",
          "3037347682",
          "3037347673"
        ],
        "blockedNodeIds": [],
        "source": "OpenStreetMap",
        "confidence": "verified"
      },
      "geometry": {
        "type": "LineString",
        "coordinates": [
          [
            10.3975163,
            53.2281242
          ],
          [
            10.3975246,
            53.2281028
          ],
          [
            10.397543,
            53.2280626
          ],
          [
            10.3975396,
            53.2280456
          ],
          [
            10.3975145,
            53.2280248
          ],
          [
            10.3975088,
            53.2280005
          ],
          [
            10.3975486,
            53.2279167
          ],
          [
            10.3976064,
            53.2279004
          ],
          [
            10.3976334,
            53.2278807
          ],
          [
            10.3976408,
            53.2278659
          ]
        ]
      }
    },
    {
      "type": "Feature",
      "id": "way/299691623",
      "properties": {
        "highway": "footway",
        "lit": "yes",
        "check_date:surface": "2024-08-21",
        "surface": "paving_stones",
        "id": "way/299691623",
        "nodeIds": [
          "3037347695",
          "3037347694",
          "3037347701",
          "3037347703"
        ],
        "blockedNodeIds": [],
        "source": "OpenStreetMap",
        "confidence": "verified"
      },
      "geometry": {
        "type": "LineString",
        "coordinates": [
          [
            10.397447,
            53.2282812
          ],
          [
            10.397422,
            53.2282778
          ],
          [
            10.3973509,
            53.228439
          ],
          [
            10.3973977,
            53.228447
          ]
        ]
      }
    },
    {
      "type": "Feature",
      "id": "way/299691624",
      "properties": {
        "highway": "service",
        "service": "driveway",
        "surface": "grass_paver",
        "id": "way/299691624",
        "nodeIds": [
          "3037347689",
          "3037347687",
          "3037347686",
          "3037347685"
        ],
        "blockedNodeIds": [],
        "source": "OpenStreetMap",
        "confidence": "verified"
      },
      "geometry": {
        "type": "LineString",
        "coordinates": [
          [
            10.3979228,
            53.2281885
          ],
          [
            10.3978201,
            53.2281725
          ],
          [
            10.3975163,
            53.2281242
          ],
          [
            10.397327,
            53.228097
          ]
        ]
      }
    },
    {
      "type": "Feature",
      "id": "way/301055213",
      "properties": {
        "highway": "footway",
        "surface": "grass",
        "id": "way/301055213",
        "nodeIds": [
          "3051560816",
          "277126886"
        ],
        "blockedNodeIds": [],
        "source": "OpenStreetMap",
        "confidence": "verified"
      },
      "geometry": {
        "type": "LineString",
        "coordinates": [
          [
            10.3986479,
            53.2265648
          ],
          [
            10.3986889,
            53.2264832
          ]
        ]
      }
    },
    {
      "type": "Feature",
      "id": "way/301056249",
      "properties": {
        "highway": "footway",
        "surface": "paving_stones",
        "id": "way/301056249",
        "nodeIds": [
          "3051670371",
          "3051670370"
        ],
        "blockedNodeIds": [],
        "source": "OpenStreetMap",
        "confidence": "verified"
      },
      "geometry": {
        "type": "LineString",
        "coordinates": [
          [
            10.3990857,
            53.2272806
          ],
          [
            10.3992819,
            53.2272799
          ]
        ]
      }
    },
    {
      "type": "Feature",
      "id": "way/301056250",
      "properties": {
        "highway": "footway",
        "service": "parking_aisle",
        "surface": "sett",
        "id": "way/301056250",
        "nodeIds": [
          "3051670376",
          "3051670373",
          "3051670369"
        ],
        "blockedNodeIds": [],
        "source": "OpenStreetMap",
        "confidence": "verified"
      },
      "geometry": {
        "type": "LineString",
        "coordinates": [
          [
            10.3988446,
            53.227333
          ],
          [
            10.3988374,
            53.227313
          ],
          [
            10.398801,
            53.2272236
          ]
        ]
      }
    },
    {
      "type": "Feature",
      "id": "way/301056252",
      "properties": {
        "highway": "footway",
        "surface": "sett",
        "id": "way/301056252",
        "nodeIds": [
          "3039092959",
          "3051670367",
          "3051670368"
        ],
        "blockedNodeIds": [],
        "source": "OpenStreetMap",
        "confidence": "verified"
      },
      "geometry": {
        "type": "LineString",
        "coordinates": [
          [
            10.3989366,
            53.2270407
          ],
          [
            10.3989375,
            53.2270206
          ],
          [
            10.3991017,
            53.2270244
          ]
        ]
      }
    },
    {
      "type": "Feature",
      "id": "way/301056253",
      "properties": {
        "highway": "footway",
        "surface": "sett",
        "id": "way/301056253",
        "nodeIds": [
          "3051670362",
          "3051673969",
          "6901154116",
          "3051670363",
          "3051670368",
          "3051670371",
          "3051670377"
        ],
        "blockedNodeIds": [],
        "source": "OpenStreetMap",
        "confidence": "verified"
      },
      "geometry": {
        "type": "LineString",
        "coordinates": [
          [
            10.3993155,
            53.226945
          ],
          [
            10.3991993,
            53.2269425
          ],
          [
            10.3991376,
            53.2269422
          ],
          [
            10.3991087,
            53.2269571
          ],
          [
            10.3991017,
            53.2270244
          ],
          [
            10.3990857,
            53.2272806
          ],
          [
            10.3990779,
            53.2273394
          ]
        ]
      }
    },
    {
      "type": "Feature",
      "id": "way/301056254",
      "properties": {
        "highway": "footway",
        "id": "way/301056254",
        "nodeIds": [
          "3051670373",
          "3051670372",
          "3051670378",
          "3051670379",
          "1474926820"
        ],
        "blockedNodeIds": [],
        "source": "OpenStreetMap",
        "confidence": "verified"
      },
      "geometry": {
        "type": "LineString",
        "coordinates": [
          [
            10.3988374,
            53.227313
          ],
          [
            10.3986348,
            53.227309
          ],
          [
            10.3985036,
            53.2273444
          ],
          [
            10.3983862,
            53.2273586
          ],
          [
            10.3982545,
            53.2274062
          ]
        ]
      }
    },
    {
      "type": "Feature",
      "id": "way/301130426",
      "properties": {
        "highway": "service",
        "service": "parking_aisle",
        "surface": "sett",
        "id": "way/301130426",
        "nodeIds": [
          "3052356948",
          "3052356947",
          "3052356946"
        ],
        "blockedNodeIds": [],
        "source": "OpenStreetMap",
        "confidence": "verified"
      },
      "geometry": {
        "type": "LineString",
        "coordinates": [
          [
            10.399327,
            53.22683
          ],
          [
            10.3991724,
            53.2268247
          ],
          [
            10.3986412,
            53.2268078
          ]
        ]
      }
    },
    {
      "type": "Feature",
      "id": "way/307431623",
      "properties": {
        "highway": "residential",
        "surface": "paving_stones",
        "name": "Carl-von-Ossietzky-Straße",
        "zone:maxspeed": "DE:30",
        "maxspeed": "30",
        "id": "way/307431623",
        "nodeIds": [
          "3052356939",
          "276915523"
        ],
        "blockedNodeIds": [],
        "source": "OpenStreetMap",
        "confidence": "verified"
      },
      "geometry": {
        "type": "LineString",
        "coordinates": [
          [
            10.3993589,
            53.2265128
          ],
          [
            10.3994731,
            53.2265752
          ]
        ]
      }
    },
    {
      "type": "Feature",
      "id": "way/314376917",
      "properties": {
        "smoothness": "intermediate",
        "lit": "yes",
        "sidewalk": "both",
        "name": "Scharnhorststraße",
        "zone:maxspeed": "DE:30",
        "maxspeed": "30",
        "highway": "residential",
        "surface": "sett",
        "class:bicycle": "-2",
        "id": "way/314376917",
        "nodeIds": [
          "3204268277",
          "6860081291",
          "5249245058"
        ],
        "blockedNodeIds": [],
        "source": "OpenStreetMap",
        "confidence": "verified"
      },
      "geometry": {
        "type": "LineString",
        "coordinates": [
          [
            10.4010718,
            53.2301148
          ],
          [
            10.401457,
            53.2301286
          ],
          [
            10.4016696,
            53.2301357
          ]
        ]
      }
    },
    {
      "type": "Feature",
      "id": "way/342771215",
      "properties": {
        "cycleway:right": "separate",
        "smoothness": "good",
        "zone:maxspeed": "DE:30",
        "sidewalk": "separate",
        "name": "Heinrich-Böll-Straße",
        "maxspeed": "30",
        "highway": "residential",
        "surface": "asphalt",
        "cycleway:left": "no",
        "id": "way/342771215",
        "nodeIds": [
          "1584670830",
          "1181281086",
          "3851404999",
          "2239449333",
          "273712613"
        ],
        "blockedNodeIds": [],
        "source": "OpenStreetMap",
        "confidence": "verified"
      },
      "geometry": {
        "type": "LineString",
        "coordinates": [
          [
            10.4047992,
            53.22668
          ],
          [
            10.403975,
            53.2266518
          ],
          [
            10.4037668,
            53.2266455
          ],
          [
            10.4036693,
            53.2266518
          ],
          [
            10.4035829,
            53.2266714
          ]
        ]
      }
    },
    {
      "type": "Feature",
      "id": "way/342771221",
      "properties": {
        "maxspeed": "30",
        "smoothness": "good",
        "lit": "yes",
        "name": "Nelly-Sachs-Straße",
        "zone:maxspeed": "DE:30",
        "class:bicycle": "1",
        "incline": "0",
        "width": "5",
        "highway": "residential",
        "surface": "paving_stones",
        "id": "way/342771221",
        "nodeIds": [
          "275907687",
          "275907691"
        ],
        "blockedNodeIds": [],
        "source": "OpenStreetMap",
        "confidence": "verified"
      },
      "geometry": {
        "type": "LineString",
        "coordinates": [
          [
            10.4022254,
            53.2265483
          ],
          [
            10.4022109,
            53.2267454
          ]
        ]
      }
    },
    {
      "type": "Feature",
      "id": "way/480285577",
      "properties": {
        "foot": "designated",
        "smoothness": "good",
        "lit": "yes",
        "class:bicycle": "-1",
        "bicycle": "designated",
        "traffic_sign": "DE:240",
        "highway": "path",
        "segregated": "no",
        "surface": "paving_stones",
        "oneway": "yes",
        "id": "way/480285577",
        "nodeIds": [
          "2239449419",
          "4732875476",
          "4732875475",
          "12092274575"
        ],
        "blockedNodeIds": [],
        "source": "OpenStreetMap",
        "confidence": "verified"
      },
      "geometry": {
        "type": "LineString",
        "coordinates": [
          [
            10.404651,
            53.2316216
          ],
          [
            10.4048999,
            53.231534
          ],
          [
            10.4050903,
            53.2314457
          ],
          [
            10.4052369,
            53.2303116
          ]
        ]
      }
    },
    {
      "type": "Feature",
      "id": "way/480286839",
      "properties": {
        "foot": "designated",
        "traffic_sign": "DE:239,1022-10",
        "oneway:bicycle": "no",
        "lit": "yes",
        "width": "3",
        "surface": "paving_stones",
        "bicycle": "yes",
        "class:bicycle:description": "Wert 0 nach LGMaps Schema ermittelt, daher nicht gesetzt",
        "highway": "footway",
        "segregated": "no",
        "smoothness": "good",
        "id": "way/480286839",
        "nodeIds": [
          "6860824130",
          "6490275149",
          "4146552191",
          "4736815135",
          "5464872655",
          "5464872658",
          "6843804100",
          "5427511317"
        ],
        "blockedNodeIds": [],
        "source": "OpenStreetMap",
        "confidence": "verified"
      },
      "geometry": {
        "type": "LineString",
        "coordinates": [
          [
            10.4052782,
            53.2301153
          ],
          [
            10.4053341,
            53.22951
          ],
          [
            10.405344,
            53.2294172
          ],
          [
            10.4054092,
            53.2287954
          ],
          [
            10.4054151,
            53.2287458
          ],
          [
            10.4054472,
            53.2284003
          ],
          [
            10.4054835,
            53.2280069
          ],
          [
            10.4054958,
            53.2278135
          ]
        ]
      }
    },
    {
      "type": "Feature",
      "id": "way/480715549",
      "properties": {
        "highway": "footway",
        "surface": "paving_stones",
        "id": "way/480715549",
        "nodeIds": [
          "4736815127",
          "4736815133"
        ],
        "blockedNodeIds": [],
        "source": "OpenStreetMap",
        "confidence": "verified"
      },
      "geometry": {
        "type": "LineString",
        "coordinates": [
          [
            10.4043557,
            53.2281788
          ],
          [
            10.4045804,
            53.2280584
          ]
        ]
      }
    },
    {
      "type": "Feature",
      "id": "way/480715550",
      "properties": {
        "highway": "footway",
        "surface": "paving_stones",
        "id": "way/480715550",
        "nodeIds": [
          "4736815133",
          "4736815134"
        ],
        "blockedNodeIds": [],
        "source": "OpenStreetMap",
        "confidence": "verified"
      },
      "geometry": {
        "type": "LineString",
        "coordinates": [
          [
            10.4045804,
            53.2280584
          ],
          [
            10.4047399,
            53.2281544
          ]
        ]
      }
    },
    {
      "type": "Feature",
      "id": "way/542974813",
      "properties": {
        "highway": "footway",
        "smoothness": "very_bad",
        "lit": "no",
        "surface": "concrete:plates",
        "id": "way/542974813",
        "nodeIds": [
          "10719377335",
          "5249245046",
          "5249245049"
        ],
        "blockedNodeIds": [],
        "source": "OpenStreetMap",
        "confidence": "verified"
      },
      "geometry": {
        "type": "LineString",
        "coordinates": [
          [
            10.4034793,
            53.2281104
          ],
          [
            10.4035565,
            53.2281616
          ],
          [
            10.4038375,
            53.2283092
          ]
        ]
      }
    },
    {
      "type": "Feature",
      "id": "way/542974814",
      "properties": {
        "highway": "path",
        "smoothness": "excellent",
        "lit": "yes",
        "surface": "paving_stones",
        "id": "way/542974814",
        "nodeIds": [
          "274097005",
          "10719377333",
          "5249245050",
          "5249245049",
          "5249245048",
          "5249245047"
        ],
        "blockedNodeIds": [],
        "source": "OpenStreetMap",
        "confidence": "verified"
      },
      "geometry": {
        "type": "LineString",
        "coordinates": [
          [
            10.4039177,
            53.2286509
          ],
          [
            10.4039189,
            53.2285311
          ],
          [
            10.4035197,
            53.2285257
          ],
          [
            10.4038375,
            53.2283092
          ],
          [
            10.4043052,
            53.2280014
          ],
          [
            10.4043329,
            53.2280174
          ]
        ]
      }
    },
    {
      "type": "Feature",
      "id": "way/542974815",
      "properties": {
        "highway": "path",
        "smoothness": "excellent",
        "lit": "yes",
        "surface": "paving_stones",
        "id": "way/542974815",
        "nodeIds": [
          "4736815135",
          "10719377313",
          "1668269322",
          "10719377317",
          "10719377316",
          "10719377315",
          "7810713203",
          "10719377318",
          "10719377330",
          "10719377331"
        ],
        "blockedNodeIds": [],
        "source": "OpenStreetMap",
        "confidence": "verified"
      },
      "geometry": {
        "type": "LineString",
        "coordinates": [
          [
            10.4054092,
            53.2287954
          ],
          [
            10.4053912,
            53.228767
          ],
          [
            10.405354,
            53.2287699
          ],
          [
            10.4053485,
            53.2287767
          ],
          [
            10.4053367,
            53.2287914
          ],
          [
            10.4053256,
            53.2287989
          ],
          [
            10.4048636,
            53.2287899
          ],
          [
            10.4046159,
            53.2287888
          ],
          [
            10.404361,
            53.2287886
          ],
          [
            10.4043298,
            53.2287892
          ]
        ]
      }
    },
    {
      "type": "Feature",
      "id": "way/542974818",
      "properties": {
        "traffic_sign": "DE:325",
        "oneway:bicycle": "no",
        "lit": "yes",
        "surface": "paving_stones",
        "smoothness": "good",
        "highway": "living_street",
        "noname": "yes",
        "oneway": "yes",
        "id": "way/542974818",
        "nodeIds": [
          "1841136571",
          "1841136580",
          "276915528",
          "6867891437",
          "9713836480",
          "277697077"
        ],
        "blockedNodeIds": [],
        "source": "OpenStreetMap",
        "confidence": "verified"
      },
      "geometry": {
        "type": "LineString",
        "coordinates": [
          [
            10.3991144,
            53.2296047
          ],
          [
            10.3991068,
            53.2296748
          ],
          [
            10.3990871,
            53.2298577
          ],
          [
            10.3991293,
            53.2299776
          ],
          [
            10.3991494,
            53.2300187
          ],
          [
            10.3991464,
            53.2300461
          ]
        ]
      }
    },
    {
      "type": "Feature",
      "id": "way/544229382",
      "properties": {
        "highway": "footway",
        "bicycle": "yes",
        "incline": "down",
        "id": "way/544229382",
        "nodeIds": [
          "5260908461",
          "386925640",
          "6867891434",
          "474727922"
        ],
        "blockedNodeIds": [],
        "source": "OpenStreetMap",
        "confidence": "verified"
      },
      "geometry": {
        "type": "LineString",
        "coordinates": [
          [
            10.4047373,
            53.2299796
          ],
          [
            10.4047843,
            53.2300073
          ],
          [
            10.4047596,
            53.2301769
          ],
          [
            10.4047507,
            53.2302462
          ]
        ]
      }
    },
    {
      "type": "Feature",
      "id": "way/544229383",
      "properties": {
        "highway": "footway",
        "smoothness": "good",
        "lit": "yes",
        "surface": "paving_stones",
        "id": "way/544229383",
        "nodeIds": [
          "1841136406",
          "417279249"
        ],
        "blockedNodeIds": [],
        "source": "OpenStreetMap",
        "confidence": "verified"
      },
      "geometry": {
        "type": "LineString",
        "coordinates": [
          [
            10.4013029,
            53.2281497
          ],
          [
            10.4019365,
            53.2281641
          ]
        ]
      }
    },
    {
      "type": "Feature",
      "id": "way/544229384",
      "properties": {
        "highway": "footway",
        "lit": "yes",
        "surface": "paving_stones",
        "id": "way/544229384",
        "nodeIds": [
          "1841136438",
          "275907753"
        ],
        "blockedNodeIds": [],
        "source": "OpenStreetMap",
        "confidence": "verified"
      },
      "geometry": {
        "type": "LineString",
        "coordinates": [
          [
            10.4012781,
            53.2284918
          ],
          [
            10.4019096,
            53.2285168
          ]
        ]
      }
    },
    {
      "type": "Feature",
      "id": "way/544229385",
      "properties": {
        "highway": "footway",
        "surface": "paving_stones",
        "id": "way/544229385",
        "nodeIds": [
          "1841136482",
          "1841136481",
          "5385845491",
          "1841136480"
        ],
        "blockedNodeIds": [],
        "source": "OpenStreetMap",
        "confidence": "verified"
      },
      "geometry": {
        "type": "LineString",
        "coordinates": [
          [
            10.4011086,
            53.2289117
          ],
          [
            10.4010518,
            53.2289102
          ],
          [
            10.4008156,
            53.2289035
          ],
          [
            10.4004606,
            53.2288936
          ]
        ]
      }
    },
    {
      "type": "Feature",
      "id": "way/544229386",
      "properties": {
        "highway": "footway",
        "covered": "yes",
        "lit": "yes",
        "surface": "wood",
        "id": "way/544229386",
        "nodeIds": [
          "1841136401",
          "5260908464",
          "5260908463",
          "5260908462",
          "1841136490"
        ],
        "blockedNodeIds": [],
        "source": "OpenStreetMap",
        "confidence": "verified"
      },
      "geometry": {
        "type": "LineString",
        "coordinates": [
          [
            10.4012403,
            53.2280337
          ],
          [
            10.4012325,
            53.2281461
          ],
          [
            10.4012081,
            53.2284909
          ],
          [
            10.4011782,
            53.2289137
          ],
          [
            10.4011727,
            53.2289927
          ]
        ]
      }
    },
    {
      "type": "Feature",
      "id": "way/544229387",
      "properties": {
        "highway": "service",
        "smoothness": "good",
        "lit": "yes",
        "service": "parking_aisle",
        "surface": "paving_stones",
        "id": "way/544229387",
        "nodeIds": [
          "5260908469",
          "13326788493",
          "5260908468",
          "273706980",
          "7811144940",
          "5260908467",
          "13326788494",
          "5260908466"
        ],
        "blockedNodeIds": [],
        "source": "OpenStreetMap",
        "confidence": "verified"
      },
      "geometry": {
        "type": "LineString",
        "coordinates": [
          [
            10.4026946,
            53.2286326
          ],
          [
            10.4027452,
            53.2281537
          ],
          [
            10.4027908,
            53.2277226
          ],
          [
            10.4027617,
            53.2277027
          ],
          [
            10.4025748,
            53.2276969
          ],
          [
            10.4025453,
            53.227717
          ],
          [
            10.4025124,
            53.2281464
          ],
          [
            10.4024757,
            53.228626
          ]
        ]
      }
    },
    {
      "type": "Feature",
      "id": "way/544230890",
      "properties": {
        "highway": "path",
        "smoothness": "excellent",
        "lit": "yes",
        "surface": "paving_stones",
        "id": "way/544230890",
        "nodeIds": [
          "10719377330",
          "5260924022",
          "5249245053"
        ],
        "blockedNodeIds": [],
        "source": "OpenStreetMap",
        "confidence": "verified"
      },
      "geometry": {
        "type": "LineString",
        "coordinates": [
          [
            10.404361,
            53.2287886
          ],
          [
            10.4044106,
            53.2287252
          ],
          [
            10.4044626,
            53.2286586
          ]
        ]
      }
    },
    {
      "type": "Feature",
      "id": "way/544230891",
      "properties": {
        "highway": "footway",
        "surface": "paving_stones",
        "id": "way/544230891",
        "nodeIds": [
          "5260924023",
          "1841136456"
        ],
        "blockedNodeIds": [],
        "source": "OpenStreetMap",
        "confidence": "verified"
      },
      "geometry": {
        "type": "LineString",
        "coordinates": [
          [
            10.3992439,
            53.2287021
          ],
          [
            10.399318,
            53.2287063
          ]
        ]
      }
    },
    {
      "type": "Feature",
      "id": "way/544230892",
      "properties": {
        "highway": "footway",
        "surface": "paving_stones",
        "id": "way/544230892",
        "nodeIds": [
          "5260924024",
          "1841136495"
        ],
        "blockedNodeIds": [],
        "source": "OpenStreetMap",
        "confidence": "verified"
      },
      "geometry": {
        "type": "LineString",
        "coordinates": [
          [
            10.3992043,
            53.2290302
          ],
          [
            10.3992898,
            53.2290357
          ]
        ]
      }
    },
    {
      "type": "Feature",
      "id": "way/544230893",
      "properties": {
        "highway": "footway",
        "surface": "paving_stones",
        "id": "way/544230893",
        "nodeIds": [
          "5260924025",
          "1841136556"
        ],
        "blockedNodeIds": [],
        "source": "OpenStreetMap",
        "confidence": "verified"
      },
      "geometry": {
        "type": "LineString",
        "coordinates": [
          [
            10.4004027,
            53.2295577
          ],
          [
            10.4002788,
            53.2295523
          ]
        ]
      }
    },
    {
      "type": "Feature",
      "id": "way/544230894",
      "properties": {
        "highway": "footway",
        "id": "way/544230894",
        "nodeIds": [
          "5260924026",
          "1841136604"
        ],
        "blockedNodeIds": [],
        "source": "OpenStreetMap",
        "confidence": "verified"
      },
      "geometry": {
        "type": "LineString",
        "coordinates": [
          [
            10.4003754,
            53.2298699
          ],
          [
            10.400251,
            53.2298631
          ]
        ]
      }
    },
    {
      "type": "Feature",
      "id": "way/544230895",
      "properties": {
        "highway": "footway",
        "surface": "paving_stones",
        "id": "way/544230895",
        "nodeIds": [
          "5260924027",
          "1841136488"
        ],
        "blockedNodeIds": [],
        "source": "OpenStreetMap",
        "confidence": "verified"
      },
      "geometry": {
        "type": "LineString",
        "coordinates": [
          [
            10.4004514,
            53.2289991
          ],
          [
            10.4003322,
            53.228996
          ]
        ]
      }
    },
    {
      "type": "Feature",
      "id": "way/558486603",
      "properties": {
        "highway": "footway",
        "surface": "dirt",
        "id": "way/558486603",
        "nodeIds": [
          "1841136481",
          "5385845489",
          "5385845490"
        ],
        "blockedNodeIds": [],
        "source": "OpenStreetMap",
        "confidence": "verified"
      },
      "geometry": {
        "type": "LineString",
        "coordinates": [
          [
            10.4010518,
            53.2289102
          ],
          [
            10.4008428,
            53.2289672
          ],
          [
            10.4008101,
            53.2289863
          ]
        ]
      }
    },
    {
      "type": "Feature",
      "id": "way/558486604",
      "properties": {
        "highway": "footway",
        "surface": "paving_stones",
        "id": "way/558486604",
        "nodeIds": [
          "5385845492",
          "5385845490",
          "5385845491"
        ],
        "blockedNodeIds": [],
        "source": "OpenStreetMap",
        "confidence": "verified"
      },
      "geometry": {
        "type": "LineString",
        "coordinates": [
          [
            10.4007979,
            53.2291638
          ],
          [
            10.4008101,
            53.2289863
          ],
          [
            10.4008156,
            53.2289035
          ]
        ]
      }
    },
    {
      "type": "Feature",
      "id": "way/559780974",
      "properties": {
        "smoothness": "intermediate",
        "lit": "yes",
        "sidewalk": "both",
        "name": "Scharnhorststraße",
        "zone:maxspeed": "DE:30",
        "maxspeed": "30",
        "highway": "residential",
        "surface": "sett",
        "class:bicycle": "-1",
        "id": "way/559780974",
        "nodeIds": [
          "11958074575",
          "1305725952",
          "1658870412",
          "1851321295",
          "1658870417",
          "276915518"
        ],
        "blockedNodeIds": [],
        "source": "OpenStreetMap",
        "confidence": "verified"
      },
      "geometry": {
        "type": "LineString",
        "coordinates": [
          [
            10.3954599,
            53.2299174
          ],
          [
            10.3956053,
            53.2299222
          ],
          [
            10.395684,
            53.2299249
          ],
          [
            10.3960615,
            53.2299374
          ],
          [
            10.396418,
            53.2299493
          ],
          [
            10.3965663,
            53.2299542
          ]
        ]
      }
    },
    {
      "type": "Feature",
      "id": "way/567872730",
      "properties": {
        "highway": "service",
        "oneway": "yes",
        "service": "driveway",
        "surface": "asphalt",
        "id": "way/567872730",
        "nodeIds": [
          "5464872654",
          "5464872655",
          "6859994656",
          "12070256484",
          "5464872656"
        ],
        "blockedNodeIds": [],
        "source": "OpenStreetMap",
        "confidence": "verified"
      },
      "geometry": {
        "type": "LineString",
        "coordinates": [
          [
            10.4055318,
            53.228777
          ],
          [
            10.4054151,
            53.2287458
          ],
          [
            10.4053575,
            53.2287286
          ],
          [
            10.4052396,
            53.2286896
          ],
          [
            10.4052464,
            53.2286056
          ]
        ]
      }
    },
    {
      "type": "Feature",
      "id": "way/567872731",
      "properties": {
        "maxheight": "default",
        "tunnel": "yes",
        "surface": "asphalt",
        "layer": "-1",
        "service": "driveway",
        "highway": "service",
        "oneway": "yes",
        "id": "way/567872731",
        "nodeIds": [
          "5464872656",
          "5464872657"
        ],
        "blockedNodeIds": [],
        "source": "OpenStreetMap",
        "confidence": "verified"
      },
      "geometry": {
        "type": "LineString",
        "coordinates": [
          [
            10.4052464,
            53.2286056
          ],
          [
            10.4052497,
            53.2284731
          ]
        ]
      }
    },
    {
      "type": "Feature",
      "id": "way/567872732",
      "properties": {
        "highway": "service",
        "oneway": "yes",
        "service": "driveway",
        "surface": "asphalt",
        "id": "way/567872732",
        "nodeIds": [
          "5464872657",
          "2239449373",
          "5464872658",
          "5464872659"
        ],
        "blockedNodeIds": [],
        "source": "OpenStreetMap",
        "confidence": "verified"
      },
      "geometry": {
        "type": "LineString",
        "coordinates": [
          [
            10.4052497,
            53.2284731
          ],
          [
            10.4052825,
            53.2284432
          ],
          [
            10.4054472,
            53.2284003
          ],
          [
            10.4055798,
            53.2283802
          ]
        ]
      }
    },
    {
      "type": "Feature",
      "id": "way/567874539",
      "properties": {
        "bicycle": "yes",
        "foot": "designated",
        "segregated": "no",
        "smoothness": "good",
        "note": "oneway:bicycle=yes, da an der Ecke Gaußstraße das Vz 1022-10 fehlt. Es sieht aber aus, als wurde es illegal abmontiert",
        "lit": "yes",
        "width": "2.5",
        "traffic_sign": "DE:239,1022-10",
        "class:bicycle": "-1",
        "horse": "no",
        "surface": "paving_stones",
        "highway": "footway",
        "oneway:bicycle": "yes",
        "id": "way/567874539",
        "nodeIds": [
          "2239449331",
          "11740741580",
          "5464886446",
          "5464886447",
          "5464886448",
          "5464886449",
          "5464886450",
          "5464886451"
        ],
        "blockedNodeIds": [],
        "source": "OpenStreetMap",
        "confidence": "verified"
      },
      "geometry": {
        "type": "LineString",
        "coordinates": [
          [
            10.4055095,
            53.2265974
          ],
          [
            10.4054891,
            53.2257989
          ],
          [
            10.4054916,
            53.2255214
          ],
          [
            10.4054851,
            53.2248907
          ],
          [
            10.4054669,
            53.2242074
          ],
          [
            10.4054513,
            53.2236769
          ],
          [
            10.4054402,
            53.2231726
          ],
          [
            10.405432,
            53.2229669
          ]
        ]
      }
    },
    {
      "type": "Feature",
      "id": "way/587837858",
      "properties": {
        "highway": "footway",
        "surface": "paving_stones",
        "id": "way/587837858",
        "nodeIds": [
          "5614864315",
          "5614864314"
        ],
        "blockedNodeIds": [],
        "source": "OpenStreetMap",
        "confidence": "verified"
      },
      "geometry": {
        "type": "LineString",
        "coordinates": [
          [
            10.3984006,
            53.2266
          ],
          [
            10.3983424,
            53.2267534
          ]
        ]
      }
    },
    {
      "type": "Feature",
      "id": "way/602720066",
      "properties": {
        "highway": "service",
        "smoothness": "good",
        "lit": "yes",
        "service": "parking_aisle",
        "surface": "paving_stones",
        "id": "way/602720066",
        "nodeIds": [
          "5724011352",
          "5724011351"
        ],
        "blockedNodeIds": [],
        "source": "OpenStreetMap",
        "confidence": "verified"
      },
      "geometry": {
        "type": "LineString",
        "coordinates": [
          [
            10.4029327,
            53.2286398
          ],
          [
            10.4029843,
            53.2281607
          ]
        ]
      }
    },
    {
      "type": "Feature",
      "id": "way/602720067",
      "properties": {
        "noname": "yes",
        "surface": "sett",
        "service": "emergency_access",
        "highway": "living_street",
        "id": "way/602720067",
        "nodeIds": [
          "5724011354",
          "5724011353",
          "11972012087",
          "1841136436"
        ],
        "blockedNodeIds": [],
        "source": "OpenStreetMap",
        "confidence": "verified"
      },
      "geometry": {
        "type": "LineString",
        "coordinates": [
          [
            10.4033848,
            53.2275097
          ],
          [
            10.4034117,
            53.2275805
          ],
          [
            10.4034249,
            53.227593
          ],
          [
            10.4034754,
            53.2276411
          ]
        ]
      }
    },
    {
      "type": "Feature",
      "id": "way/602720068",
      "properties": {
        "traffic_sign": "DE:325",
        "smoothness": "excellent",
        "lit": "yes",
        "class:bicycle": "1",
        "surface": "asphalt",
        "highway": "living_street",
        "noname": "yes",
        "id": "way/602720068",
        "nodeIds": [
          "6376385269",
          "1707690982",
          "1707690980",
          "7811144941",
          "1841136436",
          "5724011358",
          "5724011357",
          "5724011356",
          "2239449361",
          "5724011355"
        ],
        "blockedNodeIds": [],
        "source": "OpenStreetMap",
        "confidence": "verified"
      },
      "geometry": {
        "type": "LineString",
        "coordinates": [
          [
            10.4047371,
            53.2276672
          ],
          [
            10.4045259,
            53.2276442
          ],
          [
            10.4036488,
            53.2276125
          ],
          [
            10.4035632,
            53.2276166
          ],
          [
            10.4034754,
            53.2276411
          ],
          [
            10.4034385,
            53.2276849
          ],
          [
            10.4034143,
            53.228044
          ],
          [
            10.4033862,
            53.2280975
          ],
          [
            10.4033181,
            53.2281393
          ],
          [
            10.4032291,
            53.2281619
          ]
        ]
      }
    },
    {
      "type": "Feature",
      "id": "way/649550765",
      "properties": {
        "highway": "footway",
        "lit": "yes",
        "surface": "paving_stones",
        "id": "way/649550765",
        "nodeIds": [
          "1841136502",
          "6095584716",
          "6095584717"
        ],
        "blockedNodeIds": [],
        "source": "OpenStreetMap",
        "confidence": "verified"
      },
      "geometry": {
        "type": "LineString",
        "coordinates": [
          [
            10.404091,
            53.2290636
          ],
          [
            10.4040693,
            53.2289576
          ],
          [
            10.4040846,
            53.2287883
          ]
        ]
      }
    },
    {
      "type": "Feature",
      "id": "way/649550766",
      "properties": {
        "highway": "footway",
        "surface": "paving_stones",
        "id": "way/649550766",
        "nodeIds": [
          "6095584719",
          "6095584720"
        ],
        "blockedNodeIds": [],
        "source": "OpenStreetMap",
        "confidence": "verified"
      },
      "geometry": {
        "type": "LineString",
        "coordinates": [
          [
            10.4022915,
            53.2293648
          ],
          [
            10.4025828,
            53.2290908
          ]
        ]
      }
    },
    {
      "type": "Feature",
      "id": "way/664612287",
      "properties": {
        "sidewalk": "both",
        "name": "Heinrich-Böll-Straße",
        "lanes": "1",
        "maxspeed": "50",
        "cycleway:both": "separate",
        "source:maxspeed": "DE:urban",
        "highway": "residential",
        "surface": "asphalt",
        "oneway": "yes",
        "id": "way/664612287",
        "nodeIds": [
          "1046267280",
          "1584670830"
        ],
        "blockedNodeIds": [],
        "source": "OpenStreetMap",
        "confidence": "verified"
      },
      "geometry": {
        "type": "LineString",
        "coordinates": [
          [
            10.4052579,
            53.2267446
          ],
          [
            10.4047992,
            53.22668
          ]
        ]
      }
    },
    {
      "type": "Feature",
      "id": "way/664612288",
      "properties": {
        "name": "Heinrich-Böll-Straße",
        "lanes": "1",
        "maxspeed": "50",
        "source:maxspeed": "DE:urban",
        "highway": "residential",
        "surface": "asphalt",
        "oneway": "yes",
        "id": "way/664612288",
        "nodeIds": [
          "272603703",
          "6220902830",
          "6220902829",
          "6220902828",
          "1046267280"
        ],
        "blockedNodeIds": [],
        "source": "OpenStreetMap",
        "confidence": "verified"
      },
      "geometry": {
        "type": "LineString",
        "coordinates": [
          [
            10.4056511,
            53.2266754
          ],
          [
            10.4055964,
            53.2267263
          ],
          [
            10.4055172,
            53.2267522
          ],
          [
            10.4053871,
            53.2267568
          ],
          [
            10.4052579,
            53.2267446
          ]
        ]
      }
    },
    {
      "type": "Feature",
      "id": "way/681252150",
      "properties": {
        "traffic_sign": "DE:325",
        "lanes:backward": "2",
        "lanes:forward": "1",
        "surface": "asphalt",
        "turn:lanes:backward": "left|through;right",
        "highway": "service",
        "lanes": "3",
        "id": "way/681252150",
        "nodeIds": [
          "12070256508",
          "5427511317"
        ],
        "blockedNodeIds": [],
        "source": "OpenStreetMap",
        "confidence": "verified"
      },
      "geometry": {
        "type": "LineString",
        "coordinates": [
          [
            10.4056276,
            53.2278197
          ],
          [
            10.4054958,
            53.2278135
          ]
        ]
      }
    },
    {
      "type": "Feature",
      "id": "way/691618606",
      "properties": {
        "highway": "footway",
        "lit": "no",
        "surface": "fine_gravel",
        "id": "way/691618606",
        "nodeIds": [
          "6490275133",
          "6490275134",
          "9788459942",
          "9788459943",
          "6490275135"
        ],
        "blockedNodeIds": [],
        "source": "OpenStreetMap",
        "confidence": "verified"
      },
      "geometry": {
        "type": "LineString",
        "coordinates": [
          [
            10.403172,
            53.2288435
          ],
          [
            10.4034917,
            53.228872
          ],
          [
            10.4036265,
            53.2289105
          ],
          [
            10.4037301,
            53.229003
          ],
          [
            10.4038691,
            53.229052
          ]
        ]
      }
    },
    {
      "type": "Feature",
      "id": "way/691618608",
      "properties": {
        "tactile_paving": "no",
        "ramp": "no",
        "handrail": "no",
        "surface": "concrete",
        "incline": "down",
        "highway": "steps",
        "step_count": "5",
        "id": "way/691618608",
        "nodeIds": [
          "6490275136",
          "6490275137"
        ],
        "blockedNodeIds": [],
        "source": "OpenStreetMap",
        "confidence": "verified"
      },
      "geometry": {
        "type": "LineString",
        "coordinates": [
          [
            10.4046341,
            53.2293458
          ],
          [
            10.4048001,
            53.2294352
          ]
        ]
      }
    },
    {
      "type": "Feature",
      "id": "way/691618610",
      "properties": {
        "highway": "footway",
        "lit": "no",
        "surface": "fine_gravel",
        "id": "way/691618610",
        "nodeIds": [
          "6490275136",
          "9788459941",
          "6490275138",
          "9788459939",
          "9788459940",
          "6490275139"
        ],
        "blockedNodeIds": [],
        "source": "OpenStreetMap",
        "confidence": "verified"
      },
      "geometry": {
        "type": "LineString",
        "coordinates": [
          [
            10.4046341,
            53.2293458
          ],
          [
            10.4045318,
            53.2292862
          ],
          [
            10.4044199,
            53.229225
          ],
          [
            10.4043234,
            53.2291714
          ],
          [
            10.404279,
            53.229137
          ],
          [
            10.4042577,
            53.2290994
          ]
        ]
      }
    },
    {
      "type": "Feature",
      "id": "way/691618612",
      "properties": {
        "smoothness": "good",
        "lit": "yes",
        "bicycle": "yes",
        "surface": "paving_stones",
        "incline": "down",
        "highway": "path",
        "id": "way/691618612",
        "nodeIds": [
          "6490275140",
          "10719373287",
          "6490275141",
          "6490275142",
          "6490275143",
          "6490275151",
          "6490275152",
          "6490275146",
          "6490275147",
          "6490275148",
          "6867891435",
          "6490275149"
        ],
        "blockedNodeIds": [],
        "source": "OpenStreetMap",
        "confidence": "verified"
      },
      "geometry": {
        "type": "LineString",
        "coordinates": [
          [
            10.4047903,
            53.2294936
          ],
          [
            10.4048626,
            53.2294958
          ],
          [
            10.4050086,
            53.2295002
          ],
          [
            10.4050166,
            53.2294266
          ],
          [
            10.4050872,
            53.2294287
          ],
          [
            10.4050809,
            53.2295018
          ],
          [
            10.4051766,
            53.2295045
          ],
          [
            10.4051819,
            53.2294312
          ],
          [
            10.4052581,
            53.2294335
          ],
          [
            10.4052506,
            53.229506
          ],
          [
            10.4052788,
            53.2295029
          ],
          [
            10.4053341,
            53.22951
          ]
        ]
      }
    },
    {
      "type": "Feature",
      "id": "way/691618615",
      "properties": {
        "ramp": "separate",
        "handrail": "no",
        "lit": "yes",
        "surface": "paving_stones",
        "incline": "down",
        "highway": "steps",
        "smoothness": "excellent",
        "step_count": "3",
        "ramp:wheelchair": "separate",
        "id": "way/691618615",
        "nodeIds": [
          "6490275141",
          "6490275151"
        ],
        "blockedNodeIds": [],
        "source": "OpenStreetMap",
        "confidence": "verified"
      },
      "geometry": {
        "type": "LineString",
        "coordinates": [
          [
            10.4050086,
            53.2295002
          ],
          [
            10.4050809,
            53.2295018
          ]
        ]
      }
    },
    {
      "type": "Feature",
      "id": "way/691618617",
      "properties": {
        "ramp": "separate",
        "handrail": "no",
        "lit": "yes",
        "surface": "paving_stones",
        "incline": "down",
        "highway": "steps",
        "smoothness": "excellent",
        "step_count": "3",
        "ramp:wheelchair": "separate",
        "id": "way/691618617",
        "nodeIds": [
          "6490275152",
          "6490275148"
        ],
        "blockedNodeIds": [],
        "source": "OpenStreetMap",
        "confidence": "verified"
      },
      "geometry": {
        "type": "LineString",
        "coordinates": [
          [
            10.4051766,
            53.2295045
          ],
          [
            10.4052506,
            53.229506
          ]
        ]
      }
    },
    {
      "type": "Feature",
      "id": "way/691618618",
      "properties": {
        "highway": "footway",
        "surface": "paving_stones",
        "id": "way/691618618",
        "nodeIds": [
          "274228100",
          "10750862815"
        ],
        "blockedNodeIds": [],
        "source": "OpenStreetMap",
        "confidence": "verified"
      },
      "geometry": {
        "type": "LineString",
        "coordinates": [
          [
            10.4024549,
            53.2297861
          ],
          [
            10.4024205,
            53.2300704
          ]
        ]
      }
    },
    {
      "type": "Feature",
      "id": "way/691618620",
      "properties": {
        "highway": "footway",
        "lit": "yes",
        "surface": "paving_stones",
        "id": "way/691618620",
        "nodeIds": [
          "1841136589",
          "6490275155"
        ],
        "blockedNodeIds": [],
        "source": "OpenStreetMap",
        "confidence": "verified"
      },
      "geometry": {
        "type": "LineString",
        "coordinates": [
          [
            10.3996945,
            53.2297311
          ],
          [
            10.3996753,
            53.2299979
          ]
        ]
      }
    },
    {
      "type": "Feature",
      "id": "way/691628851",
      "properties": {
        "traffic_sign": "DE:325",
        "smoothness": "good",
        "lit": "yes",
        "class:bicycle": "1",
        "surface": "concrete:plates",
        "width": "5",
        "highway": "living_street",
        "noname": "yes",
        "id": "way/691628851",
        "nodeIds": [
          "1841136458",
          "1841136485",
          "1841136513",
          "277126904",
          "275907747",
          "1841136565",
          "275907728"
        ],
        "blockedNodeIds": [],
        "source": "OpenStreetMap",
        "confidence": "verified"
      },
      "geometry": {
        "type": "LineString",
        "coordinates": [
          [
            10.4018884,
            53.2288011
          ],
          [
            10.4018785,
            53.2289333
          ],
          [
            10.4018645,
            53.2291209
          ],
          [
            10.4018595,
            53.2291881
          ],
          [
            10.4018474,
            53.2293494
          ],
          [
            10.40183,
            53.2295821
          ],
          [
            10.4017518,
            53.2297155
          ]
        ]
      }
    },
    {
      "type": "Feature",
      "id": "way/691628852",
      "properties": {
        "traffic_sign": "DE:325",
        "smoothness": "good",
        "lit": "yes",
        "class:bicycle": "1",
        "smoothness:date": "2024-06-11",
        "width": "5",
        "highway": "living_street",
        "noname": "yes",
        "surface": "concrete:plates",
        "id": "way/691628852",
        "nodeIds": [
          "1073593897",
          "1841136458"
        ],
        "blockedNodeIds": [],
        "source": "OpenStreetMap",
        "confidence": "verified"
      },
      "geometry": {
        "type": "LineString",
        "coordinates": [
          [
            10.4019028,
            53.2286088
          ],
          [
            10.4018884,
            53.2288011
          ]
        ]
      }
    },
    {
      "type": "Feature",
      "id": "way/721623118",
      "properties": {
        "traffic_sign": "DE:325",
        "smoothness": "good",
        "lit": "yes",
        "class:bicycle": "1",
        "surface": "concrete:plates",
        "width": "5.20",
        "highway": "living_street",
        "noname": "yes",
        "id": "way/721623118",
        "nodeIds": [
          "417279249",
          "275907753"
        ],
        "blockedNodeIds": [],
        "source": "OpenStreetMap",
        "confidence": "verified"
      },
      "geometry": {
        "type": "LineString",
        "coordinates": [
          [
            10.4019365,
            53.2281641
          ],
          [
            10.4019096,
            53.2285168
          ]
        ]
      }
    },
    {
      "type": "Feature",
      "id": "way/721623119",
      "properties": {
        "traffic_sign": "DE:325",
        "smoothness": "good",
        "lit": "yes",
        "class:bicycle": "1",
        "surface": "concrete:plates",
        "width": "5.20",
        "highway": "living_street",
        "noname": "yes",
        "id": "way/721623119",
        "nodeIds": [
          "275907753",
          "1073593897"
        ],
        "blockedNodeIds": [],
        "source": "OpenStreetMap",
        "confidence": "verified"
      },
      "geometry": {
        "type": "LineString",
        "coordinates": [
          [
            10.4019096,
            53.2285168
          ],
          [
            10.4019028,
            53.2286088
          ]
        ]
      }
    },
    {
      "type": "Feature",
      "id": "way/721941231",
      "properties": {
        "smoothness": "intermediate",
        "lit": "yes",
        "sidewalk": "both",
        "name": "Scharnhorststraße",
        "zone:maxspeed": "DE:30",
        "maxspeed": "30",
        "highway": "residential",
        "surface": "sett",
        "class:bicycle": "-2",
        "id": "way/721941231",
        "nodeIds": [
          "5249245058",
          "7811144938",
          "274058480"
        ],
        "blockedNodeIds": [],
        "source": "OpenStreetMap",
        "confidence": "verified"
      },
      "geometry": {
        "type": "LineString",
        "coordinates": [
          [
            10.4016696,
            53.2301357
          ],
          [
            10.4018254,
            53.2301417
          ],
          [
            10.4020104,
            53.2301484
          ]
        ]
      }
    },
    {
      "type": "Feature",
      "id": "way/729688490",
      "properties": {
        "foot": "yes",
        "surface": "unpaved",
        "bicycle": "yes",
        "highway": "path",
        "segregated": "no",
        "check_date:surface": "2025-08-27",
        "id": "way/729688490",
        "nodeIds": [
          "6835389826",
          "6835389827",
          "6835389828",
          "2239449364",
          "2239449363",
          "6843804101",
          "6843804100"
        ],
        "blockedNodeIds": [],
        "source": "OpenStreetMap",
        "confidence": "verified"
      },
      "geometry": {
        "type": "LineString",
        "coordinates": [
          [
            10.406275,
            53.2285437
          ],
          [
            10.4062079,
            53.2284949
          ],
          [
            10.4060355,
            53.2281281
          ],
          [
            10.4059808,
            53.2280842
          ],
          [
            10.4057429,
            53.2280082
          ],
          [
            10.4056157,
            53.228007
          ],
          [
            10.4054835,
            53.2280069
          ]
        ]
      }
    },
    {
      "type": "Feature",
      "id": "way/730459459",
      "properties": {
        "highway": "footway",
        "id": "way/730459459",
        "nodeIds": [
          "10750862814",
          "6842808828"
        ],
        "blockedNodeIds": [],
        "source": "OpenStreetMap",
        "confidence": "verified"
      },
      "geometry": {
        "type": "LineString",
        "coordinates": [
          [
            10.4024159,
            53.2301128
          ],
          [
            10.4024114,
            53.2301627
          ]
        ]
      }
    },
    {
      "type": "Feature",
      "id": "way/730459460",
      "properties": {
        "highway": "footway",
        "lit": "yes",
        "surface": "paving_stones",
        "id": "way/730459460",
        "nodeIds": [
          "6490275155",
          "6842808829"
        ],
        "blockedNodeIds": [],
        "source": "OpenStreetMap",
        "confidence": "verified"
      },
      "geometry": {
        "type": "LineString",
        "coordinates": [
          [
            10.3996753,
            53.2299979
          ],
          [
            10.3996702,
            53.2300653
          ]
        ]
      }
    },
    {
      "type": "Feature",
      "id": "way/730655769",
      "properties": {
        "foot": "designated",
        "traffic_sign": "DE:239,1022-10",
        "oneway:bicycle": "no",
        "lit": "yes",
        "maxwidth:physical": "3,50",
        "surface": "paving_stones",
        "bicycle": "yes",
        "class:bicycle:description": "Wert 0 nach LGMaps Schema ermittelt, daher nicht gesetzt",
        "highway": "footway",
        "segregated": "no",
        "smoothness": "good",
        "id": "way/730655769",
        "nodeIds": [
          "5427511317",
          "4732885192",
          "2239449348",
          "12012291704"
        ],
        "blockedNodeIds": [],
        "source": "OpenStreetMap",
        "confidence": "verified"
      },
      "geometry": {
        "type": "LineString",
        "coordinates": [
          [
            10.4054958,
            53.2278135
          ],
          [
            10.4055149,
            53.2270924
          ],
          [
            10.405478,
            53.2269981
          ],
          [
            10.4053918,
            53.226888
          ]
        ]
      }
    },
    {
      "type": "Feature",
      "id": "way/730655770",
      "properties": {
        "traffic_sign": "DE:325",
        "lanes:backward": "2",
        "smoothness": "excellent",
        "lit": "yes",
        "lanes:forward": "1",
        "class:bicycle": "1",
        "surface": "asphalt",
        "highway": "living_street",
        "turn:lanes:backward": "left|through;right",
        "noname": "yes",
        "lanes": "3",
        "id": "way/730655770",
        "nodeIds": [
          "5427511317",
          "6376385268",
          "12357889203",
          "1787461037",
          "4736815132",
          "6376385269"
        ],
        "blockedNodeIds": [],
        "source": "OpenStreetMap",
        "confidence": "verified"
      },
      "geometry": {
        "type": "LineString",
        "coordinates": [
          [
            10.4054958,
            53.2278135
          ],
          [
            10.4054323,
            53.2278115
          ],
          [
            10.4052944,
            53.2278026
          ],
          [
            10.4051682,
            53.227782
          ],
          [
            10.4048937,
            53.227704
          ],
          [
            10.4047371,
            53.2276672
          ]
        ]
      }
    },
    {
      "type": "Feature",
      "id": "way/730683994",
      "properties": {
        "traffic_sign": "DE:325",
        "smoothness": "good",
        "lit": "yes",
        "class:bicycle": "1",
        "surface": "concrete:plates",
        "highway": "living_street",
        "noname": "yes",
        "id": "way/730683994",
        "nodeIds": [
          "6844341257",
          "1474926823",
          "277126892",
          "1474926820",
          "1474926818",
          "5614864316",
          "3051560816"
        ],
        "blockedNodeIds": [],
        "source": "OpenStreetMap",
        "confidence": "verified"
      },
      "geometry": {
        "type": "LineString",
        "coordinates": [
          [
            10.3979398,
            53.2281491
          ],
          [
            10.3980398,
            53.2279147
          ],
          [
            10.3981093,
            53.2277414
          ],
          [
            10.3982545,
            53.2274062
          ],
          [
            10.3985369,
            53.2267836
          ],
          [
            10.3986188,
            53.2266236
          ],
          [
            10.3986479,
            53.2265648
          ]
        ]
      }
    },
    {
      "type": "Feature",
      "id": "way/730728546",
      "properties": {
        "highway": "service",
        "smoothness": "good",
        "lit": "no",
        "service": "parking_aisle",
        "surface": "concrete",
        "id": "way/730728546",
        "nodeIds": [
          "5249245061",
          "6873249902"
        ],
        "blockedNodeIds": [],
        "source": "OpenStreetMap",
        "confidence": "verified"
      },
      "geometry": {
        "type": "LineString",
        "coordinates": [
          [
            10.3982653,
            53.228138
          ],
          [
            10.3982688,
            53.2280966
          ]
        ]
      }
    },
    {
      "type": "Feature",
      "id": "way/732584734",
      "properties": {
        "highway": "footway",
        "bicycle": "yes",
        "id": "way/732584734",
        "nodeIds": [
          "276915535",
          "391475466"
        ],
        "blockedNodeIds": [],
        "source": "OpenStreetMap",
        "confidence": "verified"
      },
      "geometry": {
        "type": "LineString",
        "coordinates": [
          [
            10.4003684,
            53.2299507
          ],
          [
            10.4001048,
            53.2300803
          ]
        ]
      }
    },
    {
      "type": "Feature",
      "id": "way/732584735",
      "properties": {
        "highway": "path",
        "bicycle": "yes",
        "foot": "yes",
        "id": "way/732584735",
        "nodeIds": [
          "6860081286",
          "6860081287",
          "6860081288",
          "6860081295",
          "6860081289",
          "6860081290",
          "6860081291"
        ],
        "blockedNodeIds": [],
        "source": "OpenStreetMap",
        "confidence": "verified"
      },
      "geometry": {
        "type": "LineString",
        "coordinates": [
          [
            10.4005125,
            53.2300949
          ],
          [
            10.4005266,
            53.2299951
          ],
          [
            10.4007091,
            53.2299124
          ],
          [
            10.401172,
            53.2299211
          ],
          [
            10.4014105,
            53.2299348
          ],
          [
            10.4014627,
            53.2300224
          ],
          [
            10.401457,
            53.2301286
          ]
        ]
      }
    },
    {
      "type": "Feature",
      "id": "way/732584736",
      "properties": {
        "highway": "footway",
        "id": "way/732584736",
        "nodeIds": [
          "6860081292",
          "6860081293"
        ],
        "blockedNodeIds": [],
        "source": "OpenStreetMap",
        "confidence": "verified"
      },
      "geometry": {
        "type": "LineString",
        "coordinates": [
          [
            10.4015621,
            53.2297083
          ],
          [
            10.401224,
            53.2298474
          ]
        ]
      }
    },
    {
      "type": "Feature",
      "id": "way/732584737",
      "properties": {
        "highway": "steps",
        "id": "way/732584737",
        "nodeIds": [
          "6860081293",
          "6860081294"
        ],
        "blockedNodeIds": [],
        "source": "OpenStreetMap",
        "confidence": "verified"
      },
      "geometry": {
        "type": "LineString",
        "coordinates": [
          [
            10.401224,
            53.2298474
          ],
          [
            10.4011811,
            53.2298731
          ]
        ]
      }
    },
    {
      "type": "Feature",
      "id": "way/732584738",
      "properties": {
        "highway": "footway",
        "id": "way/732584738",
        "nodeIds": [
          "6860081294",
          "6860081295"
        ],
        "blockedNodeIds": [],
        "source": "OpenStreetMap",
        "confidence": "verified"
      },
      "geometry": {
        "type": "LineString",
        "coordinates": [
          [
            10.4011811,
            53.2298731
          ],
          [
            10.401172,
            53.2299211
          ]
        ]
      }
    },
    {
      "type": "Feature",
      "id": "way/732685116",
      "properties": {
        "foot": "designated",
        "smoothness": "good",
        "lit": "yes",
        "class:bicycle": "2",
        "bicycle": "designated",
        "traffic_sign": "DE:240",
        "highway": "path",
        "segregated": "no",
        "surface": "asphalt",
        "oneway": "no",
        "id": "way/732685116",
        "nodeIds": [
          "305382772",
          "13634800802",
          "4165786320",
          "305382773",
          "305382774",
          "13634800803",
          "305382776",
          "13634800804",
          "305382778",
          "305382779",
          "305382781",
          "305382782",
          "305382784",
          "305382786"
        ],
        "blockedNodeIds": [],
        "source": "OpenStreetMap",
        "confidence": "verified"
      },
      "geometry": {
        "type": "LineString",
        "coordinates": [
          [
            10.4071878,
            53.2317114
          ],
          [
            10.4068012,
            53.2315455
          ],
          [
            10.4065467,
            53.2314115
          ],
          [
            10.4062821,
            53.2312355
          ],
          [
            10.4060876,
            53.2311323
          ],
          [
            10.4059381,
            53.2310351
          ],
          [
            10.4058209,
            53.2309263
          ],
          [
            10.4057531,
            53.2308236
          ],
          [
            10.4057117,
            53.2307233
          ],
          [
            10.4056775,
            53.2305419
          ],
          [
            10.4056457,
            53.2303333
          ],
          [
            10.4055992,
            53.2301821
          ],
          [
            10.4055871,
            53.2301599
          ],
          [
            10.4055591,
            53.2301253
          ]
        ]
      }
    },
    {
      "type": "Feature",
      "id": "way/732853966",
      "properties": {
        "highway": "service",
        "service": "parking_aisle",
        "surface": "asphalt",
        "id": "way/732853966",
        "nodeIds": [
          "6862449075",
          "6862449076"
        ],
        "blockedNodeIds": [],
        "source": "OpenStreetMap",
        "confidence": "verified"
      },
      "geometry": {
        "type": "LineString",
        "coordinates": [
          [
            10.4034635,
            53.2297646
          ],
          [
            10.4034261,
            53.2300716
          ]
        ]
      }
    },
    {
      "type": "Feature",
      "id": "way/732853967",
      "properties": {
        "highway": "service",
        "service": "parking_aisle",
        "surface": "asphalt",
        "id": "way/732853967",
        "nodeIds": [
          "6862449077",
          "6862449078"
        ],
        "blockedNodeIds": [],
        "source": "OpenStreetMap",
        "confidence": "verified"
      },
      "geometry": {
        "type": "LineString",
        "coordinates": [
          [
            10.4037043,
            53.2297719
          ],
          [
            10.4036685,
            53.2300801
          ]
        ]
      }
    },
    {
      "type": "Feature",
      "id": "way/732853968",
      "properties": {
        "highway": "service",
        "service": "parking_aisle",
        "surface": "asphalt",
        "id": "way/732853968",
        "nodeIds": [
          "6862449079",
          "6862449080"
        ],
        "blockedNodeIds": [],
        "source": "OpenStreetMap",
        "confidence": "verified"
      },
      "geometry": {
        "type": "LineString",
        "coordinates": [
          [
            10.4039516,
            53.2297798
          ],
          [
            10.4039109,
            53.2300886
          ]
        ]
      }
    },
    {
      "type": "Feature",
      "id": "way/732853969",
      "properties": {
        "highway": "service",
        "service": "parking_aisle",
        "surface": "asphalt",
        "id": "way/732853969",
        "nodeIds": [
          "6862449081",
          "6862449082"
        ],
        "blockedNodeIds": [],
        "source": "OpenStreetMap",
        "confidence": "verified"
      },
      "geometry": {
        "type": "LineString",
        "coordinates": [
          [
            10.4041903,
            53.2297875
          ],
          [
            10.4041533,
            53.2300971
          ]
        ]
      }
    },
    {
      "type": "Feature",
      "id": "way/732853970",
      "properties": {
        "highway": "service",
        "service": "parking_aisle",
        "surface": "asphalt",
        "id": "way/732853970",
        "nodeIds": [
          "6862449083",
          "6862449084"
        ],
        "blockedNodeIds": [],
        "source": "OpenStreetMap",
        "confidence": "verified"
      },
      "geometry": {
        "type": "LineString",
        "coordinates": [
          [
            10.4044358,
            53.2297954
          ],
          [
            10.4043958,
            53.2301057
          ]
        ]
      }
    },
    {
      "type": "Feature",
      "id": "way/733654028",
      "properties": {
        "highway": "service",
        "surface": "paving_stones",
        "id": "way/733654028",
        "nodeIds": [
          "4736815133",
          "4736815132"
        ],
        "blockedNodeIds": [],
        "source": "OpenStreetMap",
        "confidence": "verified"
      },
      "geometry": {
        "type": "LineString",
        "coordinates": [
          [
            10.4045804,
            53.2280584
          ],
          [
            10.4048937,
            53.227704
          ]
        ]
      }
    },
    {
      "type": "Feature",
      "id": "way/733884386",
      "properties": {
        "smoothness": "bad",
        "lit": "no",
        "surface": "compacted",
        "living_street": "yes",
        "highway": "service",
        "tracktype": "grade3",
        "id": "way/733884386",
        "nodeIds": [
          "6844341257",
          "6873249902"
        ],
        "blockedNodeIds": [],
        "source": "OpenStreetMap",
        "confidence": "verified"
      },
      "geometry": {
        "type": "LineString",
        "coordinates": [
          [
            10.3979398,
            53.2281491
          ],
          [
            10.3982688,
            53.2280966
          ]
        ]
      }
    },
    {
      "type": "Feature",
      "id": "way/733884387",
      "properties": {
        "smoothness": "excellent",
        "lit": "no",
        "surface": "asphalt",
        "service": "parking_aisle",
        "highway": "service",
        "oneway": "yes",
        "id": "way/733884387",
        "nodeIds": [
          "5249245062",
          "5249245060",
          "6873249903",
          "6844341260"
        ],
        "blockedNodeIds": [],
        "source": "OpenStreetMap",
        "confidence": "verified"
      },
      "geometry": {
        "type": "LineString",
        "coordinates": [
          [
            10.3991722,
            53.2279538
          ],
          [
            10.3984779,
            53.2279313
          ],
          [
            10.3984856,
            53.2278358
          ],
          [
            10.3991838,
            53.2278546
          ]
        ]
      }
    },
    {
      "type": "Feature",
      "id": "way/734554342",
      "properties": {
        "noname": "yes",
        "surface": "asphalt",
        "traffic_sign": "DE:325",
        "highway": "living_street",
        "id": "way/734554342",
        "nodeIds": [
          "276915530",
          "1841136571"
        ],
        "blockedNodeIds": [],
        "source": "OpenStreetMap",
        "confidence": "verified"
      },
      "geometry": {
        "type": "LineString",
        "coordinates": [
          [
            10.3991761,
            53.2292635
          ],
          [
            10.3991144,
            53.2296047
          ]
        ]
      }
    },
    {
      "type": "Feature",
      "id": "way/739878995",
      "properties": {
        "tactile_paving": "no",
        "ramp": "yes",
        "handrail": "yes",
        "lit": "yes",
        "surface": "paving_stones",
        "incline": "up",
        "highway": "steps",
        "step_count": "10",
        "ramp:wheelchair": "yes",
        "id": "way/739878995",
        "nodeIds": [
          "5249245050",
          "10719377334"
        ],
        "blockedNodeIds": [],
        "source": "OpenStreetMap",
        "confidence": "verified"
      },
      "geometry": {
        "type": "LineString",
        "coordinates": [
          [
            10.4035197,
            53.2285257
          ],
          [
            10.4031991,
            53.2285246
          ]
        ]
      }
    },
    {
      "type": "Feature",
      "id": "way/739961887",
      "properties": {
        "highway": "path",
        "surface": "paving_stones",
        "id": "way/739961887",
        "nodeIds": [
          "6928410277",
          "1648395305"
        ],
        "blockedNodeIds": [],
        "source": "OpenStreetMap",
        "confidence": "verified"
      },
      "geometry": {
        "type": "LineString",
        "coordinates": [
          [
            10.3998493,
            53.226648
          ],
          [
            10.3998503,
            53.2265956
          ]
        ]
      }
    },
    {
      "type": "Feature",
      "id": "way/739961888",
      "properties": {
        "highway": "path",
        "surface": "paving_stones",
        "id": "way/739961888",
        "nodeIds": [
          "6928410278",
          "1648395308"
        ],
        "blockedNodeIds": [],
        "source": "OpenStreetMap",
        "confidence": "verified"
      },
      "geometry": {
        "type": "LineString",
        "coordinates": [
          [
            10.400118,
            53.2266578
          ],
          [
            10.4001231,
            53.2266071
          ]
        ]
      }
    },
    {
      "type": "Feature",
      "id": "way/739961889",
      "properties": {
        "highway": "path",
        "surface": "paving_stones",
        "id": "way/739961889",
        "nodeIds": [
          "6928410279",
          "1648395313"
        ],
        "blockedNodeIds": [],
        "source": "OpenStreetMap",
        "confidence": "verified"
      },
      "geometry": {
        "type": "LineString",
        "coordinates": [
          [
            10.4003725,
            53.2266671
          ],
          [
            10.4003743,
            53.2266142
          ]
        ]
      }
    },
    {
      "type": "Feature",
      "id": "way/739961890",
      "properties": {
        "highway": "path",
        "surface": "paving_stones",
        "id": "way/739961890",
        "nodeIds": [
          "6928410280",
          "1648395317"
        ],
        "blockedNodeIds": [],
        "source": "OpenStreetMap",
        "confidence": "verified"
      },
      "geometry": {
        "type": "LineString",
        "coordinates": [
          [
            10.4006408,
            53.2266769
          ],
          [
            10.4006447,
            53.2266257
          ]
        ]
      }
    },
    {
      "type": "Feature",
      "id": "way/743821716",
      "properties": {
        "highway": "footway",
        "surface": "paving_stones",
        "id": "way/743821716",
        "nodeIds": [
          "1648395338",
          "2239449320",
          "6961637596"
        ],
        "blockedNodeIds": [],
        "source": "OpenStreetMap",
        "confidence": "verified"
      },
      "geometry": {
        "type": "LineString",
        "coordinates": [
          [
            10.4030449,
            53.226594
          ],
          [
            10.4030905,
            53.2265957
          ],
          [
            10.4032535,
            53.2266015
          ]
        ]
      }
    },
    {
      "type": "Feature",
      "id": "way/743821717",
      "properties": {
        "highway": "footway",
        "surface": "paving_stones",
        "id": "way/743821717",
        "nodeIds": [
          "1648395335",
          "2239449314",
          "6961637599"
        ],
        "blockedNodeIds": [],
        "source": "OpenStreetMap",
        "confidence": "verified"
      },
      "geometry": {
        "type": "LineString",
        "coordinates": [
          [
            10.4030491,
            53.2265377
          ],
          [
            10.4030948,
            53.2265394
          ],
          [
            10.4032578,
            53.2265452
          ]
        ]
      }
    },
    {
      "type": "Feature",
      "id": "way/763926689",
      "properties": {
        "bicycle": "yes",
        "name": "Heinrich-Böll-Straße",
        "zone:maxspeed": "DE:30",
        "smoothness": "good",
        "maxspeed": "30",
        "lit": "yes",
        "width": "5",
        "bus": "designated",
        "class:bicycle": "2",
        "vehicle": "no",
        "surface": "paving_stones",
        "traffic_sign": "DE:245,1022-10",
        "motor_vehicle": "no",
        "highway": "service",
        "id": "way/763926689",
        "nodeIds": [
          "275907705",
          "275907714"
        ],
        "blockedNodeIds": [],
        "source": "OpenStreetMap",
        "confidence": "verified"
      },
      "geometry": {
        "type": "LineString",
        "coordinates": [
          [
            10.4021019,
            53.227501
          ],
          [
            10.4019859,
            53.2274971
          ]
        ]
      }
    },
    {
      "type": "Feature",
      "id": "way/836941828",
      "properties": {
        "highway": "service",
        "service": "driveway",
        "surface": "sett",
        "id": "way/836941828",
        "nodeIds": [
          "1648395198",
          "7811144895"
        ],
        "blockedNodeIds": [],
        "source": "OpenStreetMap",
        "confidence": "verified"
      },
      "geometry": {
        "type": "LineString",
        "coordinates": [
          [
            10.4027205,
            53.2263609
          ],
          [
            10.4027063,
            53.2266973
          ]
        ]
      }
    },
    {
      "type": "Feature",
      "id": "way/836941830",
      "properties": {
        "highway": "footway",
        "lit": "yes",
        "surface": "paving_stones",
        "id": "way/836941830",
        "nodeIds": [
          "7811144917",
          "7811144915"
        ],
        "blockedNodeIds": [],
        "source": "OpenStreetMap",
        "confidence": "verified"
      },
      "geometry": {
        "type": "LineString",
        "coordinates": [
          [
            10.3997183,
            53.2294719
          ],
          [
            10.3996191,
            53.2292777
          ]
        ]
      }
    },
    {
      "type": "Feature",
      "id": "way/836941831",
      "properties": {
        "highway": "footway",
        "smoothness": "good",
        "lit": "yes",
        "surface": "paving_stones",
        "id": "way/836941831",
        "nodeIds": [
          "448941333",
          "448942686"
        ],
        "blockedNodeIds": [],
        "source": "OpenStreetMap",
        "confidence": "verified"
      },
      "geometry": {
        "type": "LineString",
        "coordinates": [
          [
            10.399764,
            53.2292824
          ],
          [
            10.3998051,
            53.2289938
          ]
        ]
      }
    },
    {
      "type": "Feature",
      "id": "way/836941832",
      "properties": {
        "highway": "footway",
        "lit": "yes",
        "surface": "paving_stones",
        "id": "way/836941832",
        "nodeIds": [
          "1841136589",
          "7811144927",
          "7811144904",
          "7811144926",
          "7811144925",
          "7811144924",
          "7811144903",
          "7811144923",
          "7811144922",
          "7811144921",
          "7811144920",
          "7811144906",
          "7811144905",
          "7811144937",
          "7811144919",
          "7811144918",
          "1841136589"
        ],
        "blockedNodeIds": [],
        "source": "OpenStreetMap",
        "confidence": "verified"
      },
      "geometry": {
        "type": "LineString",
        "coordinates": [
          [
            10.3996945,
            53.2297311
          ],
          [
            10.399671,
            53.2297271
          ],
          [
            10.3996518,
            53.2297181
          ],
          [
            10.3996399,
            53.2297053
          ],
          [
            10.3996372,
            53.2296908
          ],
          [
            10.399644,
            53.2296768
          ],
          [
            10.3996592,
            53.2296655
          ],
          [
            10.3996806,
            53.2296585
          ],
          [
            10.3997048,
            53.229657
          ],
          [
            10.3997286,
            53.2296613
          ],
          [
            10.3997476,
            53.2296708
          ],
          [
            10.3997589,
            53.229684
          ],
          [
            10.3997606,
            53.2296988
          ],
          [
            10.3997525,
            53.2297129
          ],
          [
            10.3997375,
            53.2297232
          ],
          [
            10.3997172,
            53.2297295
          ],
          [
            10.3996945,
            53.2297311
          ]
        ]
      }
    },
    {
      "type": "Feature",
      "id": "way/836941834",
      "properties": {
        "highway": "footway",
        "lit": "yes",
        "surface": "paving_stones",
        "id": "way/836941834",
        "nodeIds": [
          "448941428",
          "7811144937"
        ],
        "blockedNodeIds": [],
        "source": "OpenStreetMap",
        "confidence": "verified"
      },
      "geometry": {
        "type": "LineString",
        "coordinates": [
          [
            10.4000038,
            53.2297991
          ],
          [
            10.3997525,
            53.2297129
          ]
        ]
      }
    },
    {
      "type": "Feature",
      "id": "way/836941835",
      "properties": {
        "highway": "footway",
        "surface": "paving_stones",
        "id": "way/836941835",
        "nodeIds": [
          "3851385702",
          "2239449314",
          "2239449320",
          "3851404997"
        ],
        "blockedNodeIds": [],
        "source": "OpenStreetMap",
        "confidence": "verified"
      },
      "geometry": {
        "type": "LineString",
        "coordinates": [
          [
            10.4031077,
            53.2263709
          ],
          [
            10.4030948,
            53.2265394
          ],
          [
            10.4030905,
            53.2265957
          ],
          [
            10.4030769,
            53.2267741
          ]
        ]
      }
    },
    {
      "type": "Feature",
      "id": "way/836941838",
      "properties": {
        "segregated": "yes",
        "surface": "paved",
        "highway": "path",
        "id": "way/836941838",
        "nodeIds": [
          "2239449344",
          "766573059",
          "2239449343"
        ],
        "blockedNodeIds": [],
        "source": "OpenStreetMap",
        "confidence": "verified"
      },
      "geometry": {
        "type": "LineString",
        "coordinates": [
          [
            10.4057652,
            53.2268325
          ],
          [
            10.4056516,
            53.2268317
          ],
          [
            10.4055214,
            53.2268318
          ]
        ]
      }
    },
    {
      "type": "Feature",
      "id": "way/836941839",
      "properties": {
        "highway": "footway",
        "footway": "sidewalk",
        "surface": "paving_stones",
        "id": "way/836941839",
        "nodeIds": [
          "3620883099",
          "3851404998",
          "3851404995",
          "273712613"
        ],
        "blockedNodeIds": [],
        "source": "OpenStreetMap",
        "confidence": "verified"
      },
      "geometry": {
        "type": "LineString",
        "coordinates": [
          [
            10.4048027,
            53.2266065
          ],
          [
            10.4044267,
            53.2266172
          ],
          [
            10.4035976,
            53.2265989
          ],
          [
            10.4035829,
            53.2266714
          ]
        ]
      }
    },
    {
      "type": "Feature",
      "id": "way/867541655",
      "properties": {
        "traffic_sign": "DE:325",
        "smoothness": "intermediate",
        "lit": "yes",
        "class:bicycle": "2",
        "bicycle": "yes",
        "width": "5",
        "highway": "living_street",
        "noname": "yes",
        "surface": "concrete:plates",
        "vehicle": "delivery",
        "id": "way/867541655",
        "nodeIds": [
          "275907728",
          "1841136607",
          "6867891436",
          "5249245058"
        ],
        "blockedNodeIds": [],
        "source": "OpenStreetMap",
        "confidence": "verified"
      },
      "geometry": {
        "type": "LineString",
        "coordinates": [
          [
            10.4017518,
            53.2297155
          ],
          [
            10.4017149,
            53.2297666
          ],
          [
            10.4016767,
            53.2300698
          ],
          [
            10.4016696,
            53.2301357
          ]
        ]
      }
    },
    {
      "type": "Feature",
      "id": "way/959691225",
      "properties": {
        "maxspeed": "30",
        "smoothness": "good",
        "lit": "yes",
        "name": "Wichernstraße",
        "lanes": "2",
        "class:bicycle": "-1",
        "incline": "no",
        "width": "5.40",
        "highway": "residential",
        "zone:maxspeed": "DE:30",
        "surface": "asphalt",
        "oneway": "no",
        "id": "way/959691225",
        "nodeIds": [
          "1181281054",
          "322048070",
          "3037347676"
        ],
        "blockedNodeIds": [],
        "source": "OpenStreetMap",
        "confidence": "verified"
      },
      "geometry": {
        "type": "LineString",
        "coordinates": [
          [
            10.397945,
            53.2266326
          ],
          [
            10.3976911,
            53.2272194
          ],
          [
            10.3974809,
            53.2277217
          ]
        ]
      }
    },
    {
      "type": "Feature",
      "id": "way/959691226",
      "properties": {
        "maxspeed": "30",
        "smoothness": "good",
        "lit": "yes",
        "name": "Wichernstraße",
        "lanes": "2",
        "class:bicycle": "-1",
        "incline": "no",
        "width": "5.40",
        "highway": "residential",
        "zone:maxspeed": "DE:30",
        "surface": "asphalt",
        "oneway": "no",
        "id": "way/959691226",
        "nodeIds": [
          "3037347676",
          "3037347679",
          "3037347683",
          "3037347685",
          "3037347693",
          "322048060",
          "3037347700",
          "3037347705"
        ],
        "blockedNodeIds": [],
        "source": "OpenStreetMap",
        "confidence": "verified"
      },
      "geometry": {
        "type": "LineString",
        "coordinates": [
          [
            10.3974809,
            53.2277217
          ],
          [
            10.3974263,
            53.2278523
          ],
          [
            10.3974108,
            53.2278893
          ],
          [
            10.397327,
            53.228097
          ],
          [
            10.3972555,
            53.2282604
          ],
          [
            10.3972089,
            53.2283719
          ],
          [
            10.3971907,
            53.2284141
          ],
          [
            10.3971719,
            53.2284579
          ]
        ]
      }
    },
    {
      "type": "Feature",
      "id": "way/959691227",
      "properties": {
        "maxspeed": "30",
        "smoothness": "good",
        "lit": "yes",
        "name": "Wichernstraße",
        "lanes": "2",
        "class:bicycle": "-1",
        "incline": "no",
        "width": "5.40",
        "highway": "residential",
        "zone:maxspeed": "DE:30",
        "surface": "asphalt",
        "oneway": "no",
        "id": "way/959691227",
        "nodeIds": [
          "3037347705",
          "3037347709",
          "3037347711"
        ],
        "blockedNodeIds": [],
        "source": "OpenStreetMap",
        "confidence": "verified"
      },
      "geometry": {
        "type": "LineString",
        "coordinates": [
          [
            10.3971719,
            53.2284579
          ],
          [
            10.3971476,
            53.2285142
          ],
          [
            10.3970863,
            53.2286566
          ]
        ]
      }
    },
    {
      "type": "Feature",
      "id": "way/996828990",
      "properties": {
        "highway": "path",
        "smoothness": "good",
        "surface": "paving_stones",
        "id": "way/996828990",
        "nodeIds": [
          "9204349188",
          "9204349189",
          "1650431349",
          "1650431339",
          "1650431342",
          "9204349192",
          "9204349194",
          "9204349190"
        ],
        "blockedNodeIds": [],
        "source": "OpenStreetMap",
        "confidence": "verified"
      },
      "geometry": {
        "type": "LineString",
        "coordinates": [
          [
            10.4008556,
            53.2268845
          ],
          [
            10.4012518,
            53.2269
          ],
          [
            10.4012331,
            53.2271318
          ],
          [
            10.4013429,
            53.227135
          ],
          [
            10.4015919,
            53.2271421
          ],
          [
            10.4016493,
            53.2271438
          ],
          [
            10.4019905,
            53.2271676
          ],
          [
            10.4021277,
            53.2271722
          ]
        ]
      }
    },
    {
      "type": "Feature",
      "id": "way/996828991",
      "properties": {
        "highway": "path",
        "smoothness": "good",
        "surface": "paving_stones",
        "id": "way/996828991",
        "nodeIds": [
          "9204349191",
          "9204349195",
          "9204349192"
        ],
        "blockedNodeIds": [],
        "source": "OpenStreetMap",
        "confidence": "verified"
      },
      "geometry": {
        "type": "LineString",
        "coordinates": [
          [
            10.4016209,
            53.2274848
          ],
          [
            10.40164,
            53.2272558
          ],
          [
            10.4016493,
            53.2271438
          ]
        ]
      }
    },
    {
      "type": "Feature",
      "id": "way/996828992",
      "properties": {
        "highway": "path",
        "smoothness": "good",
        "surface": "paving_stones",
        "id": "way/996828992",
        "nodeIds": [
          "9204349193",
          "9204349194"
        ],
        "blockedNodeIds": [],
        "source": "OpenStreetMap",
        "confidence": "verified"
      },
      "geometry": {
        "type": "LineString",
        "coordinates": [
          [
            10.4019622,
            53.2274963
          ],
          [
            10.4019905,
            53.2271676
          ]
        ]
      }
    },
    {
      "type": "Feature",
      "id": "way/996828993",
      "properties": {
        "highway": "path",
        "smoothness": "good",
        "surface": "paving_stones",
        "id": "way/996828993",
        "nodeIds": [
          "9204349195",
          "9204349196",
          "9204349193"
        ],
        "blockedNodeIds": [],
        "source": "OpenStreetMap",
        "confidence": "verified"
      },
      "geometry": {
        "type": "LineString",
        "coordinates": [
          [
            10.40164,
            53.2272558
          ],
          [
            10.4018997,
            53.2274132
          ],
          [
            10.4019622,
            53.2274963
          ]
        ]
      }
    },
    {
      "type": "Feature",
      "id": "way/1013544149",
      "properties": {
        "highway": "path",
        "path": "crossing",
        "surface": "asphalt",
        "id": "way/1013544149",
        "nodeIds": [
          "4732875474",
          "12092274577"
        ],
        "blockedNodeIds": [],
        "source": "OpenStreetMap",
        "confidence": "verified"
      },
      "geometry": {
        "type": "LineString",
        "coordinates": [
          [
            10.4052432,
            53.2302625
          ],
          [
            10.405253,
            53.2301836
          ]
        ]
      }
    },
    {
      "type": "Feature",
      "id": "way/1013544150",
      "properties": {
        "highway": "residential",
        "surface": "sett",
        "name": "Scharnhorststraße",
        "zone:maxspeed": "DE:30",
        "maxspeed": "30",
        "id": "way/1013544150",
        "nodeIds": [
          "4732875474",
          "175237700"
        ],
        "blockedNodeIds": [],
        "source": "OpenStreetMap",
        "confidence": "verified"
      },
      "geometry": {
        "type": "LineString",
        "coordinates": [
          [
            10.4052432,
            53.2302625
          ],
          [
            10.4053882,
            53.230269
          ]
        ]
      }
    },
    {
      "type": "Feature",
      "id": "way/1059627596",
      "properties": {
        "cycleway:right": "no",
        "lit": "yes",
        "name": "Düvelsbrooker Weg",
        "lanes": "2",
        "maxspeed": "50",
        "source:maxspeed": "DE:urban",
        "highway": "residential",
        "surface": "asphalt",
        "cycleway:left": "separate",
        "id": "way/1059627596",
        "nodeIds": [
          "272606123",
          "2239449362"
        ],
        "blockedNodeIds": [],
        "source": "OpenStreetMap",
        "confidence": "verified"
      },
      "geometry": {
        "type": "LineString",
        "coordinates": [
          [
            10.4056218,
            53.2279135
          ],
          [
            10.4057555,
            53.2279151
          ]
        ]
      }
    },
    {
      "type": "Feature",
      "id": "way/1065218210",
      "properties": {
        "highway": "footway",
        "id": "way/1065218210",
        "nodeIds": [
          "9782479268",
          "555939022"
        ],
        "blockedNodeIds": [],
        "source": "OpenStreetMap",
        "confidence": "verified"
      },
      "geometry": {
        "type": "LineString",
        "coordinates": [
          [
            10.4023667,
            53.2296827
          ],
          [
            10.4021879,
            53.2296741
          ]
        ]
      }
    },
    {
      "type": "Feature",
      "id": "way/1065218211",
      "properties": {
        "highway": "footway",
        "bridge": "yes",
        "id": "way/1065218211",
        "nodeIds": [
          "9782479269",
          "9782479268"
        ],
        "blockedNodeIds": [],
        "source": "OpenStreetMap",
        "confidence": "verified"
      },
      "geometry": {
        "type": "LineString",
        "coordinates": [
          [
            10.4024436,
            53.2296857
          ],
          [
            10.4023667,
            53.2296827
          ]
        ]
      }
    },
    {
      "type": "Feature",
      "id": "way/1065872811",
      "properties": {
        "smoothness": "intermediate",
        "lit": "no",
        "maxwidth:physical": "0.6",
        "class:bicycle": "2",
        "incline": "0%",
        "highway": "footway",
        "surface": "dirt",
        "tracktype": "grade3",
        "oneway": "no",
        "id": "way/1065872811",
        "nodeIds": [
          "322048066",
          "322048067",
          "322048068",
          "322048069"
        ],
        "blockedNodeIds": [],
        "source": "OpenStreetMap",
        "confidence": "verified"
      },
      "geometry": {
        "type": "LineString",
        "coordinates": [
          [
            10.3964651,
            53.2271132
          ],
          [
            10.3967185,
            53.2271541
          ],
          [
            10.3968983,
            53.2271459
          ],
          [
            10.3971762,
            53.2271459
          ]
        ]
      }
    },
    {
      "type": "Feature",
      "id": "way/1065879845",
      "properties": {
        "foot": "yes",
        "smoothness": "intermediate",
        "lit": "no",
        "motorcar": "no",
        "class:bicycle": "2",
        "bicycle": "yes",
        "motorcycle": "no",
        "highway": "path",
        "fixme": "position estimated",
        "surface": "ground",
        "access": "yes",
        "id": "way/1065879845",
        "nodeIds": [
          "9788356439",
          "9788356440",
          "9788356443",
          "9788356444",
          "13634800808",
          "9788356441",
          "13634800807",
          "13634800806",
          "13634800805",
          "9788356442",
          "2239449377"
        ],
        "blockedNodeIds": [],
        "source": "OpenStreetMap",
        "confidence": "verified"
      },
      "geometry": {
        "type": "LineString",
        "coordinates": [
          [
            10.4068859,
            53.2311006
          ],
          [
            10.4067774,
            53.2308914
          ],
          [
            10.4064892,
            53.2306341
          ],
          [
            10.4062928,
            53.230411
          ],
          [
            10.4062559,
            53.2303305
          ],
          [
            10.4062436,
            53.2302364
          ],
          [
            10.4062858,
            53.2300924
          ],
          [
            10.4062289,
            53.2300198
          ],
          [
            10.406149,
            53.2299767
          ],
          [
            10.4060645,
            53.2299699
          ],
          [
            10.4059906,
            53.2299793
          ]
        ]
      }
    },
    {
      "type": "Feature",
      "id": "way/1130639889",
      "properties": {
        "highway": "path",
        "lit": "no",
        "informal": "yes",
        "surface": "ground",
        "id": "way/1130639889",
        "nodeIds": [
          "10537054071",
          "10537054072",
          "10537054073",
          "8956510545"
        ],
        "blockedNodeIds": [],
        "source": "OpenStreetMap",
        "confidence": "verified"
      },
      "geometry": {
        "type": "LineString",
        "coordinates": [
          [
            10.3999246,
            53.2289943
          ],
          [
            10.3999539,
            53.2286834
          ],
          [
            10.40008,
            53.2285743
          ],
          [
            10.4002218,
            53.2285162
          ]
        ]
      }
    },
    {
      "type": "Feature",
      "id": "way/1152464159",
      "properties": {
        "highway": "path",
        "smoothness": "excellent",
        "lit": "yes",
        "incline": "down",
        "surface": "paving_stones",
        "id": "way/1152464159",
        "nodeIds": [
          "10719377319",
          "10719377336"
        ],
        "blockedNodeIds": [],
        "source": "OpenStreetMap",
        "confidence": "verified"
      },
      "geometry": {
        "type": "LineString",
        "coordinates": [
          [
            10.4031776,
            53.2287784
          ],
          [
            10.4038333,
            53.2287856
          ]
        ]
      }
    },
    {
      "type": "Feature",
      "id": "way/1152464163",
      "properties": {
        "highway": "path",
        "smoothness": "excellent",
        "lit": "yes",
        "surface": "paving_stones",
        "id": "way/1152464163",
        "nodeIds": [
          "12070256484",
          "10719373269",
          "5260924022",
          "5249245051",
          "274097005"
        ],
        "blockedNodeIds": [],
        "source": "OpenStreetMap",
        "confidence": "verified"
      },
      "geometry": {
        "type": "LineString",
        "coordinates": [
          [
            10.4052396,
            53.2286896
          ],
          [
            10.4048677,
            53.2287035
          ],
          [
            10.4044106,
            53.2287252
          ],
          [
            10.4040746,
            53.2286559
          ],
          [
            10.4039177,
            53.2286509
          ]
        ]
      }
    },
    {
      "type": "Feature",
      "id": "way/1152464164",
      "properties": {
        "highway": "path",
        "smoothness": "good",
        "lit": "yes",
        "surface": "paving_stones",
        "id": "way/1152464164",
        "nodeIds": [
          "5249245047",
          "4736815133"
        ],
        "blockedNodeIds": [],
        "source": "OpenStreetMap",
        "confidence": "verified"
      },
      "geometry": {
        "type": "LineString",
        "coordinates": [
          [
            10.4043329,
            53.2280174
          ],
          [
            10.4045804,
            53.2280584
          ]
        ]
      }
    },
    {
      "type": "Feature",
      "id": "way/1152464165",
      "properties": {
        "highway": "path",
        "smoothness": "excellent",
        "lit": "yes",
        "surface": "paving_stones",
        "id": "way/1152464165",
        "nodeIds": [
          "10719377336",
          "6095584717",
          "10719377331"
        ],
        "blockedNodeIds": [],
        "source": "OpenStreetMap",
        "confidence": "verified"
      },
      "geometry": {
        "type": "LineString",
        "coordinates": [
          [
            10.4038333,
            53.2287856
          ],
          [
            10.4040846,
            53.2287883
          ],
          [
            10.4043298,
            53.2287892
          ]
        ]
      }
    },
    {
      "type": "Feature",
      "id": "way/1152464169",
      "properties": {
        "traffic_sign": "DE:325",
        "smoothness": "good",
        "surface": "paving_stones",
        "highway": "living_street",
        "noname": "yes",
        "motor_vehicle": "delivery",
        "id": "way/1152464169",
        "nodeIds": [
          "5724011355",
          "5724011351"
        ],
        "blockedNodeIds": [],
        "source": "OpenStreetMap",
        "confidence": "verified"
      },
      "geometry": {
        "type": "LineString",
        "coordinates": [
          [
            10.4032291,
            53.2281619
          ],
          [
            10.4029843,
            53.2281607
          ]
        ]
      }
    },
    {
      "type": "Feature",
      "id": "way/1152464170",
      "properties": {
        "highway": "footway",
        "smoothness": "intermediate",
        "lit": "no",
        "informal": "yes",
        "surface": "ground",
        "id": "way/1152464170",
        "nodeIds": [
          "10719377352",
          "10719377353",
          "10719377359",
          "10719377354",
          "10719377355",
          "12045936008",
          "10719377356"
        ],
        "blockedNodeIds": [],
        "source": "OpenStreetMap",
        "confidence": "verified"
      },
      "geometry": {
        "type": "LineString",
        "coordinates": [
          [
            10.4019765,
            53.2276226
          ],
          [
            10.4018956,
            53.2275915
          ],
          [
            10.4005401,
            53.2275384
          ],
          [
            10.4004415,
            53.2275346
          ],
          [
            10.4004114,
            53.2275496
          ],
          [
            10.4003979,
            53.227698
          ],
          [
            10.400368,
            53.2280273
          ]
        ]
      }
    },
    {
      "type": "Feature",
      "id": "way/1152464171",
      "properties": {
        "highway": "footway",
        "smoothness": "intermediate",
        "informal": "yes",
        "surface": "ground",
        "id": "way/1152464171",
        "nodeIds": [
          "10719377357",
          "10719377358",
          "10719377359"
        ],
        "blockedNodeIds": [],
        "source": "OpenStreetMap",
        "confidence": "verified"
      },
      "geometry": {
        "type": "LineString",
        "coordinates": [
          [
            10.4006711,
            53.2274533
          ],
          [
            10.4006444,
            53.2274837
          ],
          [
            10.4005401,
            53.2275384
          ]
        ]
      }
    },
    {
      "type": "Feature",
      "id": "way/1152464172",
      "properties": {
        "highway": "footway",
        "smoothness": "intermediate",
        "lit": "no",
        "informal": "yes",
        "surface": "ground",
        "id": "way/1152464172",
        "nodeIds": [
          "10719377360",
          "10719377361",
          "10719377356",
          "12070256475",
          "277126901"
        ],
        "blockedNodeIds": [],
        "source": "OpenStreetMap",
        "confidence": "verified"
      },
      "geometry": {
        "type": "LineString",
        "coordinates": [
          [
            10.4000842,
            53.2278334
          ],
          [
            10.4002395,
            53.2279573
          ],
          [
            10.400368,
            53.2280273
          ],
          [
            10.4004592,
            53.2280869
          ],
          [
            10.4005186,
            53.228119
          ]
        ]
      }
    },
    {
      "type": "Feature",
      "id": "way/1152464173",
      "properties": {
        "highway": "path",
        "lit": "no",
        "informal": "yes",
        "surface": "compacted",
        "id": "way/1152464173",
        "nodeIds": [
          "10719377368",
          "12070256476",
          "10719377366"
        ],
        "blockedNodeIds": [],
        "source": "OpenStreetMap",
        "confidence": "verified"
      },
      "geometry": {
        "type": "LineString",
        "coordinates": [
          [
            10.4005133,
            53.22815
          ],
          [
            10.4004083,
            53.2281553
          ],
          [
            10.3999959,
            53.2282272
          ]
        ]
      }
    },
    {
      "type": "Feature",
      "id": "way/1152468632",
      "properties": {
        "highway": "path",
        "smoothness": "excellent",
        "lit": "yes",
        "surface": "paving_stones",
        "id": "way/1152468632",
        "nodeIds": [
          "7810713203",
          "10719373269"
        ],
        "blockedNodeIds": [],
        "source": "OpenStreetMap",
        "confidence": "verified"
      },
      "geometry": {
        "type": "LineString",
        "coordinates": [
          [
            10.4048636,
            53.2287899
          ],
          [
            10.4048677,
            53.2287035
          ]
        ]
      }
    },
    {
      "type": "Feature",
      "id": "way/1152468633",
      "properties": {
        "ramp": "separate",
        "handrail": "no",
        "lit": "yes",
        "surface": "paving_stones",
        "incline": "down",
        "highway": "steps",
        "smoothness": "excellent",
        "step_count": "3",
        "ramp:wheelchair": "separate",
        "id": "way/1152468633",
        "nodeIds": [
          "6490275143",
          "6490275146"
        ],
        "blockedNodeIds": [],
        "source": "OpenStreetMap",
        "confidence": "verified"
      },
      "geometry": {
        "type": "LineString",
        "coordinates": [
          [
            10.4050872,
            53.2294287
          ],
          [
            10.4051819,
            53.2294312
          ]
        ]
      }
    },
    {
      "type": "Feature",
      "id": "way/1152468638",
      "properties": {
        "tactile_paving": "no",
        "ramp": "no",
        "handrail": "yes",
        "lit": "no",
        "surface": "concrete",
        "incline": "down",
        "highway": "steps",
        "step_count": "6",
        "id": "way/1152468638",
        "nodeIds": [
          "10719373288",
          "2239449374"
        ],
        "blockedNodeIds": [],
        "source": "OpenStreetMap",
        "confidence": "verified"
      },
      "geometry": {
        "type": "LineString",
        "coordinates": [
          [
            10.3990869,
            53.2291485
          ],
          [
            10.3991903,
            53.2291521
          ]
        ]
      }
    },
    {
      "type": "Feature",
      "id": "way/1156040150",
      "properties": {
        "highway": "path",
        "surface": "paving_stones",
        "id": "way/1156040150",
        "nodeIds": [
          "1841136576",
          "10750730981"
        ],
        "blockedNodeIds": [],
        "source": "OpenStreetMap",
        "confidence": "verified"
      },
      "geometry": {
        "type": "LineString",
        "coordinates": [
          [
            10.3971743,
            53.229606
          ],
          [
            10.397328,
            53.2296367
          ]
        ]
      }
    },
    {
      "type": "Feature",
      "id": "way/1156053154",
      "properties": {
        "highway": "steps",
        "wheelchair": "no",
        "incline": "down",
        "surface": "concrete",
        "id": "way/1156053154",
        "nodeIds": [
          "6490275154",
          "10750862814"
        ],
        "blockedNodeIds": [],
        "source": "OpenStreetMap",
        "confidence": "verified"
      },
      "geometry": {
        "type": "LineString",
        "coordinates": [
          [
            10.4024176,
            53.2300945
          ],
          [
            10.4024159,
            53.2301128
          ]
        ]
      }
    },
    {
      "type": "Feature",
      "id": "way/1156053155",
      "properties": {
        "highway": "steps",
        "wheelchair": "no",
        "incline": "down",
        "surface": "concrete",
        "id": "way/1156053155",
        "nodeIds": [
          "10750862815",
          "6490275154"
        ],
        "blockedNodeIds": [],
        "source": "OpenStreetMap",
        "confidence": "verified"
      },
      "geometry": {
        "type": "LineString",
        "coordinates": [
          [
            10.4024205,
            53.2300704
          ],
          [
            10.4024176,
            53.2300945
          ]
        ]
      }
    },
    {
      "type": "Feature",
      "id": "way/1263684240",
      "properties": {
        "foot": "designated",
        "traffic_sign": "DE:240",
        "smoothness": "excellent",
        "lit": "yes",
        "width": "2",
        "surface": "asphalt",
        "bicycle": "designated",
        "class:bicycle:description": "Wert 0 nach LGMaps Schema ermittelt, daher nicht gesetzt",
        "highway": "path",
        "segregated": "no",
        "mofa": "yes",
        "oneway": "no",
        "id": "way/1263684240",
        "nodeIds": [
          "2239449365",
          "2239449376",
          "305382786"
        ],
        "blockedNodeIds": [],
        "source": "OpenStreetMap",
        "confidence": "verified"
      },
      "geometry": {
        "type": "LineString",
        "coordinates": [
          [
            10.4057424,
            53.2280701
          ],
          [
            10.4055742,
            53.2296823
          ],
          [
            10.4055591,
            53.2301253
          ]
        ]
      }
    },
    {
      "type": "Feature",
      "id": "way/1263684241",
      "properties": {
        "foot": "designated",
        "traffic_sign": "DE:240,1022-11",
        "smoothness": "good",
        "lit": "yes",
        "width": "2.5",
        "surface": "asphalt",
        "bicycle": "designated",
        "class:bicycle:description": "Wert 0 nach LGMaps Schema ermittelt, daher nicht gesetzt",
        "highway": "path",
        "segregated": "no",
        "mofa": "yes",
        "oneway": "no",
        "id": "way/1263684241",
        "nodeIds": [
          "2239449310",
          "2239449317",
          "2239449321",
          "2239449323",
          "2239449326",
          "2239449327",
          "2239449328",
          "2239449329",
          "2239449316",
          "2239449330",
          "2239449337"
        ],
        "blockedNodeIds": [],
        "source": "OpenStreetMap",
        "confidence": "verified"
      },
      "geometry": {
        "type": "LineString",
        "coordinates": [
          [
            10.405765,
            53.222655
          ],
          [
            10.4057684,
            53.2228242
          ],
          [
            10.4057559,
            53.2228947
          ],
          [
            10.4057408,
            53.2229606
          ],
          [
            10.4057201,
            53.2233439
          ],
          [
            10.4057296,
            53.2236934
          ],
          [
            10.4057296,
            53.2242874
          ],
          [
            10.4057622,
            53.2244275
          ],
          [
            10.4057698,
            53.2245923
          ],
          [
            10.4057475,
            53.2246887
          ],
          [
            10.4057618,
            53.2266748
          ]
        ]
      }
    },
    {
      "type": "Feature",
      "id": "way/1289605473",
      "properties": {
        "smoothness": "good",
        "lit": "yes",
        "name": "Carl-von-Ossietzky-Straße",
        "zone:maxspeed": "DE:30",
        "maxspeed": "30",
        "highway": "residential",
        "surface": "paving_stones",
        "class:bicycle": "1",
        "id": "way/1289605473",
        "nodeIds": [
          "521090876",
          "9204349188",
          "521090866",
          "521090869"
        ],
        "blockedNodeIds": [],
        "source": "OpenStreetMap",
        "confidence": "verified"
      },
      "geometry": {
        "type": "LineString",
        "coordinates": [
          [
            10.4008094,
            53.2274575
          ],
          [
            10.4008556,
            53.2268845
          ],
          [
            10.4008662,
            53.226753
          ],
          [
            10.4008368,
            53.2266841
          ]
        ]
      }
    },
    {
      "type": "Feature",
      "id": "way/1291295175",
      "properties": {
        "maxspeed": "30",
        "smoothness": "good",
        "lit": "yes",
        "name": "Heinrich-Böll-Straße",
        "zone:maxspeed": "DE:30",
        "class:bicycle": "1",
        "bicycle": "yes",
        "traffic_sign": "DE:245,1022-10",
        "bus": "designated",
        "highway": "service",
        "surface": "paving_stones",
        "vehicle": "no",
        "id": "way/1291295175",
        "nodeIds": [
          "11971902067",
          "521090876"
        ],
        "blockedNodeIds": [],
        "source": "OpenStreetMap",
        "confidence": "verified"
      },
      "geometry": {
        "type": "LineString",
        "coordinates": [
          [
            10.4010109,
            53.2274643
          ],
          [
            10.4008094,
            53.2274575
          ]
        ]
      }
    },
    {
      "type": "Feature",
      "id": "way/1291303465",
      "properties": {
        "highway": "footway",
        "footway": "sidewalk",
        "surface": "paving_stones",
        "id": "way/1291303465",
        "nodeIds": [
          "2239449336",
          "11972012082",
          "11972012083",
          "11972012084",
          "11972012085",
          "11972012086",
          "11972012087"
        ],
        "blockedNodeIds": [],
        "source": "OpenStreetMap",
        "confidence": "verified"
      },
      "geometry": {
        "type": "LineString",
        "coordinates": [
          [
            10.4036562,
            53.2267283
          ],
          [
            10.4036065,
            53.2267527
          ],
          [
            10.4035599,
            53.2268115
          ],
          [
            10.4034991,
            53.227462
          ],
          [
            10.4034965,
            53.2275356
          ],
          [
            10.4034836,
            53.2275767
          ],
          [
            10.4034249,
            53.227593
          ]
        ]
      }
    },
    {
      "type": "Feature",
      "id": "way/1291303466",
      "properties": {
        "foot": "designated",
        "smoothness": "good",
        "lit": "yes",
        "surface": "paving_stones",
        "bicycle": "designated",
        "traffic_sign": "none",
        "highway": "path",
        "segregated": "yes",
        "oneway": "yes",
        "id": "way/1291303466",
        "nodeIds": [
          "3620883099",
          "2239449331"
        ],
        "blockedNodeIds": [],
        "source": "OpenStreetMap",
        "confidence": "verified"
      },
      "geometry": {
        "type": "LineString",
        "coordinates": [
          [
            10.4048027,
            53.2266065
          ],
          [
            10.4055095,
            53.2265974
          ]
        ]
      }
    },
    {
      "type": "Feature",
      "id": "way/1296275105",
      "properties": {
        "smoothness": "good",
        "lit": "yes",
        "name": "Heinrich-Böll-Straße",
        "zone:maxspeed": "DE:30",
        "maxspeed": "30",
        "highway": "residential",
        "surface": "paving_stones",
        "class:bicycle": "1",
        "id": "way/1296275105",
        "nodeIds": [
          "1650431396",
          "275907705"
        ],
        "blockedNodeIds": [],
        "source": "OpenStreetMap",
        "confidence": "verified"
      },
      "geometry": {
        "type": "LineString",
        "coordinates": [
          [
            10.4032941,
            53.2275412
          ],
          [
            10.4021019,
            53.227501
          ]
        ]
      }
    },
    {
      "type": "Feature",
      "id": "way/1305606810",
      "properties": {
        "highway": "path",
        "path": "crossing",
        "surface": "asphalt",
        "id": "way/1305606810",
        "nodeIds": [
          "12092274575",
          "4732875474"
        ],
        "blockedNodeIds": [],
        "source": "OpenStreetMap",
        "confidence": "verified"
      },
      "geometry": {
        "type": "LineString",
        "coordinates": [
          [
            10.4052369,
            53.2303116
          ],
          [
            10.4052432,
            53.2302625
          ]
        ]
      }
    },
    {
      "type": "Feature",
      "id": "way/1305606811",
      "properties": {
        "highway": "footway",
        "surface": "concrete:plates",
        "bicycle": "yes",
        "traffic_sign": "DE:239,DE:1022-10",
        "oneway:bicycle": "no",
        "id": "way/1305606811",
        "nodeIds": [
          "12092274577",
          "6860824130"
        ],
        "blockedNodeIds": [],
        "source": "OpenStreetMap",
        "confidence": "verified"
      },
      "geometry": {
        "type": "LineString",
        "coordinates": [
          [
            10.405253,
            53.2301836
          ],
          [
            10.4052782,
            53.2301153
          ]
        ]
      }
    },
    {
      "type": "Feature",
      "id": "way/1335953162",
      "properties": {
        "traffic_sign": "DE:325",
        "smoothness": "good",
        "lit": "yes",
        "class:bicycle": "1",
        "surface": "concrete:plates",
        "highway": "living_street",
        "noname": "yes",
        "oneway": "yes",
        "id": "way/1335953162",
        "nodeIds": [
          "1841136559",
          "1841136517",
          "1474926825",
          "3037347710",
          "3037347689"
        ],
        "blockedNodeIds": [],
        "source": "OpenStreetMap",
        "confidence": "verified"
      },
      "geometry": {
        "type": "LineString",
        "coordinates": [
          [
            10.3973631,
            53.2295447
          ],
          [
            10.397535,
            53.2290936
          ],
          [
            10.3976504,
            53.2288265
          ],
          [
            10.3977686,
            53.2285504
          ],
          [
            10.3979228,
            53.2281885
          ]
        ]
      }
    },
    {
      "type": "Feature",
      "id": "way/1335953163",
      "properties": {
        "traffic_sign": "DE:325",
        "smoothness": "good",
        "lit": "yes",
        "class:bicycle": "1",
        "surface": "concrete:plates",
        "highway": "living_street",
        "noname": "yes",
        "oneway": "yes",
        "id": "way/1335953163",
        "nodeIds": [
          "3037347689",
          "11958551137",
          "6844341257"
        ],
        "blockedNodeIds": [],
        "source": "OpenStreetMap",
        "confidence": "verified"
      },
      "geometry": {
        "type": "LineString",
        "coordinates": [
          [
            10.3979228,
            53.2281885
          ],
          [
            10.3979343,
            53.2281621
          ],
          [
            10.3979398,
            53.2281491
          ]
        ]
      }
    },
    {
      "type": "Feature",
      "id": "way/1335953164",
      "properties": {
        "highway": "service",
        "smoothness": "good",
        "lit": "no",
        "service": "parking_aisle",
        "surface": "concrete",
        "id": "way/1335953164",
        "nodeIds": [
          "6873249902",
          "6844341259",
          "6873249903"
        ],
        "blockedNodeIds": [],
        "source": "OpenStreetMap",
        "confidence": "verified"
      },
      "geometry": {
        "type": "LineString",
        "coordinates": [
          [
            10.3982688,
            53.2280966
          ],
          [
            10.398291,
            53.2278307
          ],
          [
            10.3984856,
            53.2278358
          ]
        ]
      }
    },
    {
      "type": "Feature",
      "id": "way/1453166454",
      "properties": {
        "highway": "service",
        "smoothness": "good",
        "lit": "yes",
        "service": "parking_aisle",
        "surface": "paving_stones",
        "id": "way/1453166454",
        "nodeIds": [
          "13326788494",
          "13326788493",
          "5724011351"
        ],
        "blockedNodeIds": [],
        "source": "OpenStreetMap",
        "confidence": "verified"
      },
      "geometry": {
        "type": "LineString",
        "coordinates": [
          [
            10.4025124,
            53.2281464
          ],
          [
            10.4027452,
            53.2281537
          ],
          [
            10.4029843,
            53.2281607
          ]
        ]
      }
    }
  ]
}
